id,water,uv,area,fertilizer_usage,yield,pesticides,region,pest/ area,yd/ area,categories a,categories b,categories c,categories d
169,5.615,65.281,3.23,0,7.977,8.969,0,2.776780186,2.470,1,1,1,0
476,7.044,73.319,9.081,0,23.009,7.197,0,0.792533862,2.534,1,0,1,1
152,5.607,60.038,2.864,2,23.019,7.424,0,2.592178771,8.037,1,0,0,1
293,9.346,64.719,2.797,2,28.066,1.256,0,0.449052556,10.034,0,0,0,1
10,7.969,73.95,5.407,1,29.14,0.274,0,0.050675051,5.389,0,0,1,1
564,5.92,78.735,5.245,2,29.507,1.136,0,0.216587226,5.626,0,1,0,0
941,9.07,71.769,4.13,2,29.673,2.075,0,0.502421308,7.185,1,1,1,1
303,12.22,77.619,6.824,1,30.967,1.497,0,0.219372802,4.538,1,1,1,1
165,11.482,65.269,2.798,4,31.438,2.334,0,0.834167262,11.236,0,1,1,0
351,3.819,66.138,6.259,0,32.389,0.948,0,0.151461895,5.175,0,1,1,1
528,4.259,73.95,4.088,4,35.516,0.739,0,0.180772994,8.688,1,1,1,0
256,7.097,70.294,4.209,3,36.232,1.771,0,0.420765027,8.608,0,1,1,0
33,8.113,85.449,4.057,3,36.945,1.679,0,0.4138526,9.106,1,0,0,1
518,6.11,89.28,7.367,1,37.244,0.321,0,0.043572689,5.056,0,1,1,1
939,6.609,106.31,7.918,0,37.575,1.805,0,0.227961606,4.746,1,0,1,0
18,12.22,77.431,6.779,0,38.773,4.901,0,0.722967989,5.720,1,1,0,1
952,12.22,70.481,6.898,0,39.184,5.035,0,0.729921716,5.680,1,1,1,1
747,8.132,90.752,6.991,0,39.963,5.793,0,0.828636819,5.716,1,1,0,1
920,4.381,68.231,6.344,0,40.603,5.276,0,0.831651955,6.400,1,1,1,0
479,4.217,64.047,6.504,1,41.139,0.913,0,0.140375154,6.325,1,1,1,1
338,3.472,73.95,5.474,1,43.149,4.316,0,0.788454512,7.883,1,0,0,1
437,6.628,75.638,9.898,0,43.647,5.098,0,0.515053546,4.410,0,1,0,0
852,3.912,83.25,6.006,3,44.038,1.22,0,0.203130203,7.332,1,1,0,0
521,8.941,65.217,3.326,3,44.237,4.75,0,1.428141912,13.300,0,0,0,1
828,7.455,85.167,5.555,3,46.624,2.55,0,0.459045905,8.393,1,1,1,1
281,8.189,88.427,9.366,1,49.111,1.052,0,0.112321162,5.244,0,0,1,0
343,5.141,75.315,5.833,1,50.17,2.458,0,0.421395508,8.601,0,0,1,0
896,4.805,59.935,7.387,1,51.395,5.023,0,0.67997834,6.957,1,1,1,0
417,4.01,68.326,8.38,3,52.876,0.336,0,0.040095465,6.310,0,1,1,1
597,8.711,51.016,6.064,3,53.135,0.383,0,0.063159631,8.762,1,0,1,0
562,2.082,73.95,6.546,3,57.877,3.302,0,0.504430186,8.842,1,0,0,0
49,0.104,80.462,7.528,1,60.104,4.054,0,0.538522848,7.984,1,0,1,0
559,5.359,71.02,7.162,2,60.974,3.021,0,0.42180955,8.514,1,1,1,1
62,10.274,64.257,5.407,2,61.041,1.817,0,0.336045866,11.289,1,0,1,0
980,5.646,77.573,7.867,2,61.103,2.247,0,0.285623491,7.767,0,1,0,0
754,5.444,86.768,10.805,2,61.33,7.006,0,0.648403517,5.676,0,0,1,0
586,5340,91.224,8.429,2,67.321,2.933,0,0.347965358,7.987,1,0,1,0
77,2.943,72.097,9.674,2,68.136,2.139,0,0.221108125,7.043,0,0,0,1
333,4.968,68.927,9.665,2,68.254,2.305,0,0.238489395,7.062,1,1,1,1
45,12.22,82.678,9.107,2,68.502,0.239,0,0.026243549,7.522,0,1,0,1
424,7.043,73.78,8.059,2,68.626,3.606,0,0.447450056,8.515,1,1,0,0
433,6.434,73.95,7.105,3,69.169,3.756,0,0.528641802,9.735,0,1,1,1
121,11.243,72.49,6.011,4,69.878,2.578,0,0.428880386,11.625,0,1,1,0
239,8.899,83.001,10.3,2,71.446,6.443,0,0.625533981,6.937,1,1,1,1
771,9.827,63.155,6.066,1,71.577,5.25,0,0.865479723,11.800,1,0,0,0
26,6.602,56.941,9.59,2,71.716,2.233,0,0.232846715,7.478,0,1,1,0
880,4.17,81.742,9.809,1,74.992,3.655,0,0.372616984,7.645,1,0,0,0
264,4.49,68.274,9.971,1,78.114,3.975,0,0.398656103,7.834,1,1,1,1
885,8.482,54.953,7.693,4,78.854,1.379,0,0.179253867,10.250,0,1,1,0
226,6.105,64.557,7.052,3,80.942,4.844,0,0.686897334,11.478,1,1,1,1
313,5.35,88.698,10.869,1,81.477,3.718,0,0.342073788,7.496,1,1,0,1
428,9.434,52.133,9.54,1,84.861,3.975,0,0.416666667,8.895,1,1,1,0
757,5.884,85.235,8.62,3,85.421,3.557,0,0.412645012,9.910,0,1,1,0
859,9.29,73.866,7.882,4,96.316,3.085,0,0.391398122,12.220,0,1,1,1
963,6.078,79.158,7.628,4,96.624,4.41,0,0.578133193,12.667,0,1,0,1
312,12.22,73.67,9.928,4,100.215,6.923,0,0.697320709,10.094,0,0,0,1
204,3.677,78.561,11.493,3,109.148,4.98,0,0.43330723,9.497,0,0,1,0
13,9.857,64.774,7.718,4,109.848,3.6,0,0.466442083,14.233,0,0,0,1
644,8.203,72.973,8.351,5,111.401,4.478,0,0.536223207,13.340,0,1,0,0
511,6.576,75.192,4.354,0,15.557,1.533,1,0.352090032,3.573,0,1,0,0
764,5.491,92.006,3.878,0,17.272,0.767,1,0.197782362,4.454,0,1,1,1
506,7.277,94.914,4.759,0,24.625,2.983,1,0.626812356,5.174,0,1,1,1
205,2.289,77.891,9.704,0,26.224,0.034,1,0.00350371,2.702,1,1,1,0
308,1.881,73.95,7.268,0,27.604,6.628,1,0.911942763,3.798,0,1,1,1
650,2.692,69.424,4.042,3,27.839,7.256,1,1.795150915,6.887,0,0,1,0
629,5.928,78.282,4.071,0,27.857,3.978,1,0.97715549,6.843,0,1,1,0
168,2.005,76.857,5.211,2,30.041,7.108,1,1.364037613,5.765,1,0,0,0
826,2.014,75.628,4.474,0,30.805,5.948,1,1.329459097,6.885,0,1,1,0
944,4.532,73.021,8.283,1,30.988,0.739,1,0.089218882,3.741,0,1,0,0
684,5.59,73.905,6.453,1,32.573,0.986,1,0.152797149,5.048,0,1,0,1
783,7.235,84.569,6.325,3,32.748,8.992,1,1.421660079,5.178,0,1,1,1
128,3.284,94.273,8.42,1,33.206,0.901,1,0.107007126,3.944,0,1,1,1
627,10.647,74.201,4.116,3,34.399,0.249,1,0.060495627,8.357,1,1,1,1
903,7.379,72.252,6.788,2,35.202,0.627,1,0.092368886,5.186,0,0,1,0
669,8.339,91.04,6.047,2,35.957,0.951,1,0.157268067,5.946,0,1,0,0
743,3.634,66.373,9.477,0,37.128,6.338,1,0.668777039,3.918,1,0,1,0
163,12.22,64.624,3.077,3,38.078,2.273,1,0.738706532,12.375,1,0,1,0
488,4.328,82.994,8.301,1,38.58,1.659,1,0.199855439,4.648,1,0,1,1
329,2.809,70.072,7.388,1,38.599,1.194,1,0.161613427,5.225,0,0,1,0
212,7.031,68.481,6.07,2,38.915,1.191,1,0.196210873,6.411,1,1,0,0
863,4.67,65.325,6.819,0,39.212,6.593,1,0.96685731,5.750,0,1,1,0
808,8.758,73.95,3.586,3,39.678,0.842,1,0.234802008,11.065,1,0,0,0
260,8.154,86.381,7.764,0,40.454,4.88,1,0.628541989,5.210,0,1,1,1
213,2.009,66.537,8.101,0,40.465,3.71,1,0.457968152,4.995,1,1,1,0
798,3.303,66.695,8.029,0,41.437,6.328,1,0.788142982,5.161,0,0,1,0
725,8.97,60.699,4.736,1,41.57,0.593,1,0.125211149,8.777,1,0,0,0
765,3.994,69.151,5.931,1,41.946,3.764,1,0.634631597,7.072,0,0,1,0
810,7.719,73.422,7.201,0,42.193,3.446,1,0.478544647,5.859,0,0,0,1
947,7.79,68.066,9.254,1,42.932,7.353,1,0.794575319,4.639,1,0,1,1
876,3.901,75.747,5.6,1,43.3,3.969,1,0.70875,7.732,1,1,1,1
259,7.461,93.398,4.676,3,43.32,3.18,1,0.680068435,9.264,1,1,1,0
167,8.278,79.21,8.254,2,43.322,8.002,1,0.969469348,5.249,0,1,1,1
881,7.14,79.603,8.028,0,44.138,2.56,1,0.318883906,5.498,1,0,0,0
656,5.331,66.502,5.859,2,44.992,4.744,1,0.809694487,7.679,0,0,1,0
415,5.464,85.867,5.479,2,45.01,3.641,1,0.664537324,8.215,1,1,1,0
388,4.534,76.14,8.055,1,45.025,6.718,1,0.834016139,5.590,1,0,0,1
297,3.575,60.384,8.735,1,45.403,1.142,1,0.130738409,5.198,0,0,1,0
97,2.803,80.21,4.983,4,46.165,1.241,1,0.249046759,9.264,1,1,1,1
141,2.447,73.95,8.039,0,46.293,1.964,1,0.244308994,5.759,0,0,1,0
897,7.287,65.089,7.748,0,47.079,1.949,1,0.251548787,6.076,0,1,1,1
545,12.22,66.94,10.018,2,47.698,8.269,1,0.825414254,4.761,1,1,0,1
672,4.488,83.678,8.211,1,47.713,2.302,1,0.280355621,5.811,0,1,0,1
628,8.569,75.087,3.869,5,47.962,5.678,1,1.467562678,12.396,1,0,1,1
190,1.474,54.196,5.473,3,48.216,2.722,1,0.49735063,8.810,1,1,1,1
280,0.537,72.863,10.349,1,48.787,0.824,1,0.079621219,4.714,1,0,1,1
844,5.277,73.95,5.618,3,49.582,2.761,1,0.491456034,8.826,0,1,0,0
584,5.748,77.293,7.908,0,49.857,3.208,1,0.405665149,6.305,0,1,0,0
923,12.365,86.836,8.337,2,50.201,8.538,1,1.024109392,6.021,0,0,0,1
583,7.696,90.703,8.903,1,50.247,1.941,1,0.218016399,5.644,0,1,1,0
324,9.013,59.391,3.804,4,50.729,2.373,1,0.623817035,13.336,1,1,0,0
146,10.074,62.921,4.007,3,50.982,2.85,1,0.711255303,12.723,1,0,0,0
406,6.483,67.668,6.889,0,51.024,3.469,1,0.503556394,7.407,1,1,1,1
423,4.041,71.244,6.388,1,51.494,3.778,1,0.591421415,8.061,0,1,0,0
508,6.07,64.494,6.947,0,51.818,4.551,1,0.655102922,7.459,1,1,1,1
189,6.923,65.294,6.301,4,52.202,0.44,1,0.069830186,8.285,0,0,1,1
403,9.108,73.95,4.986,2,52.428,1.503,1,0.301444043,10.515,1,0,0,0
336,0.842,80.154,6.619,1,52.916,3.406,1,0.514579242,7.995,0,1,0,0
285,12.677,59.283,6.493,1,53.931,2.098,1,0.323117203,8.306,0,1,1,1
441,5.651,87.526,8.646,1,54.42,5.452,1,0.630580615,6.294,0,1,0,1
350,7.378,77.629,9.309,1,54.844,6.153,1,0.660973252,5.892,1,1,1,0
76,11.35,64.436,5.117,1,54.986,5.473,1,1.069572015,10.746,1,0,0,0
607,10.93,76.108,4.487,5,55.399,5.709,1,1.272342322,12.347,0,1,1,1
816,5.886,82.397,8.322,1,56.456,5.502,1,0.661139149,6.784,0,1,0,0
643,2.756,70.307,6.495,2,56.732,4.137,1,0.636951501,8.735,1,1,1,0
707,9.804,83.158,6.693,1,57.303,2.566,1,0.383385627,8.562,1,0,1,0
46,11.531,80.119,5.937,4,57.662,0.477,1,0.080343608,9.712,1,1,1,1
364,12.22,90.728,9.73,2,57.755,6.689,1,0.687461459,5.936,1,1,1,0
8,9.857,61.683,5.24,1,57.811,5.09,1,0.971374046,11.033,1,0,0,0
195,7.228,73.033,6.907,1,57.935,4.603,1,0.666425366,8.388,1,0,1,1
400,9.753,73.95,5.449,4,59.169,1.945,1,0.356946229,10.859,1,1,0,1
846,11.305,91.337,8.797,3,59.186,9.532,1,1.083551211,6.728,0,0,0,1
786,4.972,97.61,8.407,0,59.654,4.801,1,0.571071726,7.096,1,1,0,1
729,3.104,64.944,7.614,2,59.673,2.381,1,0.312713423,7.837,1,0,1,1
379,8.157,91.237,6.219,4,59.741,6.283,1,1.010291044,9.606,0,1,1,1
505,11.272,82.494,6.207,3,60.075,6.346,1,1.022394071,9.679,1,1,1,0
322,5.091,71.869,7.333,3,60.631,6.69,1,0.912314196,8.268,1,0,1,1
93,2.165,75.755,6.857,0,61.07,3.863,1,0.563365903,8.906,0,1,0,1
151,7.667,67.442,6.859,3,61.326,1.76,1,0.256597172,8.941,1,0,1,1
909,8.597,69.929,8.615,1,62.41,4.482,1,0.520255369,7.244,0,1,1,1
927,5.312,65.494,5.537,3,62.844,4.028,1,0.727469749,11.350,1,0,0,0
334,13.468,78.352,5.085,4,63.186,3.596,1,0.707177974,12.426,1,1,1,0
206,4.89,82.063,8.025,1,63.378,4.616,1,0.575202492,7.898,0,0,1,0
2,9.731,78.506,7.189,1,63.391,2.455,1,0.341493949,8.818,0,0,0,1
877,6.701,66.803,8.3,1,64.009,2.043,1,0.246144578,7.712,1,1,0,1
900,5.01,59.366,8.267,0,64.58,2.889,1,0.349461715,7.812,1,0,1,0
537,6.731,93.95,5.869,3,64.845,3.329,1,0.567217584,11.049,0,0,0,1
523,5.941,65.518,5.343,5,64.947,3.231,1,0.604716451,12.156,0,1,1,1
529,6.851,73.188,9.643,2,65.538,2.302,1,0.238722389,6.796,0,1,0,0
657,3.826,73.95,9.907,2,66.036,6.607,1,0.66690219,6.666,0,1,0,1
99,10.493,78.034,6.068,3,66.599,2.982,1,0.491430455,10.975,0,1,0,0
986,6.917,57.437,9.196,0,67.819,3.705,1,0.402892562,7.375,0,0,0,1
86,12.22,98.031,8.177,3,68.304,0.585,1,0.07154213,8.353,0,1,0,0
634,9.911,57.726,6.506,4,68.685,1.475,1,0.226713803,10.557,0,0,0,1
708,5.265,78.051,8.313,1,68.985,3.782,1,0.454950078,8.298,1,1,1,1
527,6.858,63.495,9.478,3,69.4,1.499,1,0.158155729,7.322,0,1,1,0
131,9.406,72.626,7.076,4,70.959,1.038,1,0.146693047,10.028,1,0,0,0
444,8.437,76.461,6.741,4,71.185,6.077,1,0.901498294,10.560,0,1,1,1
375,8.268,67.417,6.586,4,72.368,5.112,1,0.776191922,10.988,1,1,1,1
287,9.208,66.085,5.994,2,72.525,3.215,1,0.536369703,12.100,1,0,0,0
89,4.064,81.622,7.495,3,72.568,3.344,1,0.446164109,9.682,0,1,1,0
377,5.981,76.375,9.254,1,73.22,4.249,1,0.459152799,7.912,1,0,1,1
840,2.961,79.698,10.628,1,73.44,3.126,1,0.294128717,6.910,1,0,1,0
475,11.465,77.541,6.846,3,73.74,5.27,1,0.76979258,10.771,0,1,1,0
272,7.991,74.773,6.829,5,74.085,0.969,1,0.14189486,10.849,0,1,1,1
96,12.114,83.764,7.389,5,74.554,0.343,1,0.046420355,10.090,1,1,1,1
193,7.968,70.425,6.518,5,74.873,1.715,1,0.263117521,11.487,0,1,1,1
815,5.089,58.062,10.496,0,74.895,2.957,1,0.281726372,7.136,0,0,1,1
494,5.287,85.363,8.302,3,75.17,4.81,1,0.579378463,9.054,0,0,1,0
961,7.514,76.65,5.88,4,75.178,4.04,1,0.68707483,12.785,0,0,0,1
713,12.22,79.849,9.349,3,76.062,2.464,1,0.2635576,8.136,0,0,1,0
566,6.18,64.633,7.535,3,76.686,3.907,1,0.518513603,10.177,1,0,1,0
453,5.015,94.309,12.077,0,77.513,5.119,1,0.423863542,6.418,0,0,1,0
603,2.669,94.873,10.003,2,79.743,2.9,1,0.289913026,7.972,1,0,1,1
633,5.177,88.735,11.153,2,79.968,2.675,1,0.239845781,7.170,1,1,1,1
998,9.158,79.257,9.011,2,80.399,5.968,1,0.662301631,8.922,1,1,1,1
835,8.9,71.592,8.912,1,81.532,3.393,1,0.380722621,9.149,1,1,1,0
534,7.622,73.944,8.813,2,81.939,2.3,1,0.260978101,9.298,1,1,0,1
443,11.466,73.95,7.093,4,81.984,3.628,1,0.511490202,11.558,0,0,1,0
115,7.6,73.851,6.85,4,82.601,3.106,1,0.453430657,12.059,1,1,1,1
217,7.031,74.157,10.593,2,82.919,1.725,1,0.162843387,7.828,1,1,1,1
447,9.838,64.719,6.553,4,84.289,1.949,1,0.297421029,12.863,0,0,0,1
867,4.871,65.021,7.123,4,85.681,3.873,1,0.543731574,12.029,1,1,1,1
594,15.214,66.904,8.438,3,86.742,1.91,1,0.226356957,10.280,1,1,1,1
882,11.258,87.952,8.702,3,88.469,2.227,1,0.25591818,10.167,0,1,1,0
958,10.685,75.248,6.52,5,88.759,3.672,1,0.563190184,13.613,0,0,0,1
791,3.221,62.36,9.601,3,90.212,3.347,1,0.34860952,9.396,0,1,1,0
383,6.547,90.496,10.5,3,90.571,2.604,1,0.248,8.626,1,0,1,0
230,7.864,71.261,6.951,5,90.602,5.128,1,0.737735578,13.034,1,0,0,0
69,6.525,95.81,7.96,4,92.918,3.043,1,0.382286432,11.673,1,1,1,0
525,10.836,88.44,8.894,3,94.181,5.287,1,0.594445694,10.589,0,1,0,1
964,6.667,63.774,10.14,2,95.717,2.448,1,0.241420118,9.440,1,1,0,1
315,6.372,74.139,8.144,4,97.364,2.854,1,0.350442043,11.955,1,1,1,0
814,12.22,70.418,10.009,4,99.13,7.306,1,0.729943051,9.904,1,1,1,1
665,10.267,61.537,7.954,3,103.774,2.935,1,0.368996731,13.047,0,0,0,1
386,8.714,81.117,9.656,5,104.641,0.94,1,0.097348799,10.837,1,1,0,1
696,1.339,79.693,11.448,3,106.153,2.879,1,0.251484976,9.273,0,0,0,1
536,9.403,68.497,8.624,2,108.664,3.323,1,0.385320037,12.600,0,0,0,1
558,10.287,75.498,10.322,3,108.961,5.515,1,0.534295679,10.556,1,1,1,1
133,9.645,81.796,10.121,2,111.371,4.055,1,0.400652109,11.004,1,0,0,1
484,6.436,63.881,8.915,5,111.891,4.505,1,0.505328099,12.551,1,1,0,1
294,9.194,93.316,10.684,5,117.117,6.794,1,0.635904156,10.962,1,1,1,0
916,7.514,99.142,10.335,4,129.108,3.345,1,0.323657475,12.492,0,1,0,1
185,9.154,69.117,0.263,4,2.843,2.684,2,10.20532319,10.810,1,1,0,1
588,4.86,70.15,0.653,3,5.998,6.092,2,9.329249617,9.185,1,0,1,1
50,6.262,73.95,6.572,0,11.371,7.707,2,1.172702374,1.730,0,0,1,1
984,3.966,78.208,7.915,0,11.55,0.16,2,0.020214782,1.459,1,1,0,0
153,5.362,68.859,1.716,1,11.726,2.417,2,1.408508159,6.833,1,1,1,1
393,8.194,59.687,1.262,2,12.091,4.361,2,3.45562599,9.581,1,1,1,0
907,2.903,58.439,5.837,0,14.259,0.944,2,0.161726915,2.443,0,0,1,0
499,5.051,60.051,6.351,0,14.657,0.239,2,0.037631869,2.308,0,0,1,0
22,12.22,63.116,1.87,4,14.693,0.071,2,0.037967914,7.857,0,0,1,1
307,5.613,67.685,1.497,3,15.607,3.712,2,2.479625919,10.426,0,1,1,1
317,6.225,71.647,1.897,2,16.298,2.903,2,1.530311017,8.591,0,0,1,1
3,10.995,69.248,1.738,3,17.984,0.603,2,0.346950518,10.348,1,0,0,0
921,7.634,89.935,7.092,0,18.405,0.117,2,0.016497462,2.595,0,1,0,0
871,3.473,69.914,1.788,4,18.622,5.588,2,3.125279642,10.415,1,1,1,0
847,5.804,78.938,5.777,0,19.131,1.622,2,0.280768565,3.312,0,1,0,0
215,5.436,70.144,6.521,0,19.73,0.667,2,0.102284926,3.026,0,1,1,1
609,8.067,71.206,3.523,1,20.605,0.529,2,0.150156117,5.849,1,1,1,0
236,6.351,59.387,5.438,1,21.142,7.979,2,1.467267378,3.888,1,1,1,1
746,6.432,70.144,5.895,0,21.328,0.679,2,0.115182358,3.618,0,1,1,1
420,3.242,64.165,5.716,1,22.273,0.462,2,0.080825752,3.897,1,0,1,0
766,4.002,58.569,3.213,2,22.288,1.871,2,0.582321818,6.937,0,0,0,1
775,10.859,64.828,2.187,2,22.624,1.378,2,0.630086877,10.345,1,0,0,1
793,6.27,76.909,6.907,0,23.74,5.705,2,0.82597365,3.437,0,1,1,1
561,1.182,57.343,6.084,1,25.461,7.676,2,1.261669954,4.185,0,0,1,0
397,5.889,88.109,8.554,0,25.559,1.121,2,0.131049801,2.988,1,1,1,1
716,5.752,76.791,2.391,3,26.004,3.963,2,1.657465496,10.876,1,0,1,1
480,3.988,77.82,6.591,0,26.53,0.94,2,0.142618723,4.025,0,0,1,0
800,9.192,72.77,4.22,2,26.759,1.391,2,0.329620853,6.341,1,0,1,0
724,6.001,78.343,4.725,1,27.339,1.844,2,0.39026455,5.786,1,1,0,0
991,7.83,84.647,2.155,4,27.507,4.163,2,1.931786543,12.764,1,1,1,0
270,4.74,76.784,3.302,1,27.918,3.456,2,1.046638401,8.455,1,0,1,0
830,12.22,73.95,9.719,0,27.918,1.584,2,0.16297973,2.873,1,0,1,0
127,5.386,73.95,5.481,1,28.021,6.32,2,1.153074257,5.112,1,1,1,0
632,9.679,73.95,2.105,5,28.398,3.659,2,1.73824228,13.491,1,1,1,1
399,8.231,75.672,4.806,0,28.673,3.211,2,0.668123179,5.966,0,1,1,1
613,7.497,92.81,7.683,1,28.812,0.087,2,0.011323702,3.750,1,1,1,1
911,3.923,68.449,5.881,2,29.194,7.677,2,1.30539024,4.964,1,0,1,1
996,6.931,75.326,5.675,0,29.261,1.355,2,0.23876652,5.156,1,1,0,1
367,2.131,84.936,10.403,0,29.671,0.328,2,0.031529367,2.852,0,1,0,0
493,3.885,90.055,4.325,1,29.739,3.18,2,0.735260116,6.876,1,1,1,1
64,3.025,82.544,4.68,1,29.772,2.118,2,0.452564103,6.362,1,1,1,1
248,0.23,78.879,6.285,0,30.174,7.096,2,1.129037391,4.801,1,1,1,1
171,11.412,74.612,2.932,3,30.28,2.377,2,0.810709413,10.327,1,1,1,1
261,5.198,69.783,5.681,1,30.288,5.92,2,1.042070058,5.331,0,1,0,0
418,6.83,69.76,7.207,0,30.602,6.68,2,0.926876648,4.246,0,1,1,0
856,3.11,70.787,6.504,1,31.893,1.2,2,0.184501845,4.904,0,1,0,1
848,5.552,87.215,6.102,0,32.032,2.729,2,0.447230416,5.249,0,0,1,0
780,6.538,77.068,10.015,0,33.027,7.951,2,0.793909136,3.298,0,0,1,0
631,1.676,76.901,4.318,2,33.036,5.01,2,1.160259379,7.651,0,0,1,0
769,4.141,66.363,7.338,0,33.461,2.712,2,0.369582993,4.560,1,1,1,1
359,6.883,80.304,7.111,0,33.675,3.49,2,0.490788919,4.736,0,0,1,0
592,1.834,84.036,8.667,1,33.741,0.387,2,0.044652129,3.893,0,1,1,1
901,12.22,73.95,8.333,0,33.778,0.317,2,0.038041522,4.054,1,0,0,1
630,9.132,81.425,8.379,0,34.137,0.257,2,0.030671918,4.074,0,1,1,1
220,8.067,77.034,11.013,0,34.412,6.807,2,0.618087715,3.125,0,0,1,0
678,4.945,70.92,6.971,1,34.591,6.386,2,0.916080907,4.962,0,1,1,0
65,2.36,72.298,4.581,3,34.786,1.264,2,0.275922288,7.594,0,1,1,1
625,6.642,78.919,6.789,1,34.81,7.276,2,1.071733687,5.127,1,1,0,1
886,13.529,86.763,3.507,1,35.012,3.844,2,1.096093527,9.983,1,0,1,0
177,4.51,85.12,6.283,0,35.52,1.57,2,0.24988063,5.653,0,1,1,1
348,2.74,75.276,6.536,0,35.551,7.967,2,1.218941248,5.439,0,1,1,1
965,5.655,66.375,4.168,1,35.721,5.167,2,1.239683301,8.570,0,0,1,0
831,11.601,68.82,4.001,1,35.956,4.277,2,1.068982754,8.987,1,1,1,0
887,8.382,88.752,4.473,1,36.326,5.355,2,1.197183099,8.121,0,1,1,0
342,5.286,77.891,5.971,2,36.398,1.261,2,0.211187406,6.096,0,1,0,1
456,9.06,67.911,3.908,3,36.917,1.525,2,0.390225179,9.447,0,1,0,1
585,5.364,55.059,6.727,1,36.982,1.666,2,0.247658689,5.498,0,1,1,1
219,4.506,74.019,4.618,4,37.232,0.35,2,0.075790385,8.062,1,1,1,1
28,12.22,65.942,3.108,3,38.622,5.971,2,1.921171171,12.427,1,0,0,0
692,10.216,87.235,3.037,4,38.759,3.759,2,1.237734607,12.762,1,1,1,1
937,5.622,64.888,7.502,2,38.821,0.267,2,0.035590509,5.175,1,0,0,1
570,7.162,84.523,5.114,2,39.16,0.678,2,0.132577239,7.657,1,1,1,0
108,4.071,72.066,6.478,3,39.714,7.637,2,1.178913245,6.131,0,0,1,0
543,7.002,77.214,7.058,0,39.771,2.79,2,0.395296118,5.635,1,1,0,1
538,2.925,60.833,8.633,1,39.785,0.221,2,0.025599444,4.608,0,0,0,1
841,4.353,76.822,5.948,1,39.806,2.775,2,0.466543376,6.692,0,1,1,0
381,6.735,99.227,8.105,1,39.838,1.434,2,0.176927822,4.915,0,0,0,1
154,2.853,95.767,6.612,0,40.011,2.835,2,0.42876588,6.051,1,0,1,0
850,6.279,81.545,5.95,0,40.012,4.681,2,0.786722689,6.725,0,1,1,0
914,5.653,73.95,5.789,3,40.083,0.759,2,0.131110727,6.924,0,0,1,0
573,4.418,86.677,7.951,2,40.141,0.368,2,0.046283486,5.049,0,1,1,0
919,12.22,70.471,7.255,2,40.23,0.287,2,0.039558925,5.545,0,0,0,1
35,3.107,78.328,5.015,4,40.403,8.22,2,1.639082752,8.056,0,1,1,0
565,12.203,65.716,5.399,1,40.656,0.187,2,0.034636044,7.530,0,0,1,0
960,10.346,66.05,4.61,2,40.778,7.569,2,1.64186551,8.846,0,0,1,0
704,0.76,57.93,6.313,0,40.826,4.822,2,0.763820687,6.467,1,1,1,1
796,3.67,68.932,5.721,1,40.947,4.837,2,0.845481559,7.157,0,0,1,0
411,2.118,94.239,6.856,2,41.243,1.174,2,0.171236873,6.016,0,0,1,0
519,4.154,77.532,10.908,1,41.422,7.715,2,0.707279061,3.797,0,1,1,0
619,5.264,78.729,5.98,0,41.611,3.213,2,0.53729097,6.958,0,0,1,0
231,3.93,68.896,7.691,2,41.693,7.36,2,0.956962684,5.421,1,1,0,1
805,5.678,67.31,5.239,4,41.729,0.091,2,0.017369727,7.965,0,1,1,0
658,4.624,78.676,11.007,1,42.252,0.234,2,0.021259199,3.839,0,1,1,1
39,3.757,73.536,4.738,3,42.323,2.068,2,0.436471085,8.933,1,1,1,0
839,9.896,62.084,3.783,3,42.368,3.269,2,0.864128998,11.200,1,1,1,0
37,3.261,72.628,4.809,4,42.565,7.009,2,1.457475567,8.851,1,1,0,1
967,9.665,83.702,5.512,3,42.745,8.398,2,1.523584906,7.755,1,1,1,1
298,2.161,70.267,8.619,2,42.821,8.254,2,0.9576517,4.968,1,1,1,0
360,12.22,74.515,6.227,1,42.906,4.528,2,0.727155934,6.890,1,1,1,1
719,8.126,73.95,5.101,3,43.121,0.429,2,0.084101157,8.453,0,1,1,0
268,12.458,70.46,5.928,2,43.134,7.746,2,1.306680162,7.276,0,0,1,0
6,10.679,79.767,6.311,1,43.157,0.458,2,0.0725717,6.838,1,0,0,0
502,10.681,45.264,3.476,4,43.202,4.41,2,1.268699655,12.429,1,0,1,1
749,2.96,63.967,9.209,0,43.287,4.877,2,0.529590618,4.701,1,1,1,0
432,4.894,81.589,7.362,1,43.299,1.85,2,0.25129041,5.881,0,1,0,1
209,5.459,74.754,6.955,1,43.394,5.636,2,0.810352265,6.239,0,0,1,0
288,3.594,74.763,6.618,2,43.988,1.736,2,0.262314899,6.647,1,0,0,0
513,6.303,91.622,7.047,1,44.016,1.358,2,0.192706116,6.246,1,1,0,1
674,1.54,62.264,7.925,0,44.112,3.564,2,0.449716088,5.566,1,1,1,1
933,6.703,84.339,9.504,0,44.235,5.221,2,0.549347643,4.654,0,0,0,1
906,5.812,76.878,5.567,2,44.262,2.921,2,0.52469912,7.951,1,0,1,1
487,6.846,71.249,7.643,0,44.347,4.537,2,0.593615073,5.802,0,1,1,1
263,6.714,85.356,9.628,0,44.4,3.097,2,0.321665974,4.612,1,0,0,1
940,6.076,101.857,7.168,3,44.429,0.116,2,0.016183036,6.198,1,1,1,0
993,2.844,79.646,8.309,2,44.809,1.085,2,0.130581297,5.393,1,1,0,1
604,7.643,67.181,3.993,2,45.206,3.919,2,0.981467568,11.321,0,1,0,1
232,5.868,87.286,5.861,3,45.247,1.57,2,0.267872377,7.720,1,1,0,1
888,3.349,74.586,6.415,0,45.314,6.73,2,1.049103663,7.064,0,1,0,0
136,4.019,65.212,9.796,0,45.585,4.933,2,0.503572887,4.653,1,1,0,1
938,1.531,86.133,6.276,1,45.651,3.269,2,0.520873168,7.274,0,1,1,0
842,3.983,77.509,4.69,3,45.96,2.203,2,0.469722814,9.800,0,1,1,0
413,9.717,73.95,3.784,2,46.109,2.752,2,0.727272727,12.185,0,0,1,0
702,0.837,84.711,5.615,3,46.146,5.411,2,0.963668744,8.218,0,1,0,0
452,8.376,70.244,8.503,2,46.469,0.582,2,0.068446431,5.465,0,1,0,1
512,4.832,69.357,5.257,3,46.507,2.813,2,0.535096062,8.847,0,1,1,1
715,7.203,57.88,10.52,0,46.674,8.256,2,0.784790875,4.437,0,1,1,0
474,7.645,82.447,10.73,0,46.867,6.601,2,0.615191053,4.368,0,1,0,1
140,8.882,77.505,3.946,4,46.925,2.754,2,0.697921946,11.892,0,1,0,1
309,12.22,60.744,7.534,1,47.164,2.393,2,0.317626759,6.260,1,0,0,0
825,12.802,88.061,4.623,5,47.218,0.427,2,0.092364266,10.214,0,1,1,0
824,9.203,57.391,4.117,5,47.261,5.598,2,1.359727957,11.479,1,1,1,1
460,7.997,62.071,5.502,4,47.541,0.744,2,0.135223555,8.641,1,1,0,1
166,2.112,68.282,6.68,2,47.695,2.09,2,0.312874251,7.140,0,1,1,0
654,0.782,69.273,8.359,1,48.082,5.813,2,0.695418112,5.752,0,1,0,1
234,5.01,86.127,7.698,0,48.511,6.974,2,0.905949597,6.302,1,1,1,0
105,6.13,82.559,10.787,1,48.638,1.106,2,0.102530824,4.509,1,1,1,1
354,4.573,71.038,6.393,1,48.684,4.449,2,0.69591741,7.615,0,1,1,0
818,5.264,84.914,8.351,1,49.153,2.213,2,0.264998204,5.886,1,1,1,1
981,3.507,74.09,6.572,0,49.189,3.732,2,0.567863664,7.485,0,0,1,0
698,4.152,87.314,10.277,1,49.595,7.019,2,0.682981415,4.826,1,0,0,0
544,4.145,84.218,5.272,4,50.052,1.756,2,0.333080425,9.494,0,1,1,1
486,11.267,88.425,5.995,1,50.531,2.863,2,0.477564637,8.429,1,1,1,1
711,5.451,73.319,9.291,0,50.539,2.012,2,0.216553654,5.440,0,0,0,1
73,9.26,76.631,4.038,5,50.554,5.61,2,1.389301634,12.520,0,1,0,1
735,5.771,81.979,4.395,4,50.643,3.863,2,0.878953356,11.523,1,1,1,1
88,5.371,50.072,7.665,1,50.892,2.272,2,0.296412264,6.640,0,0,1,1
593,8.701,63.37,5.281,2,51.147,1.189,2,0.225146753,9.685,0,0,0,1
890,5.95,74.222,4.278,4,51.238,4.612,2,1.078073866,11.977,1,1,1,0
58,5.927,66.991,8.628,1,51.585,1.845,2,0.213838665,5.979,0,1,1,1
221,6.176,90.336,7.853,2,51.639,7.028,2,0.894944607,6.576,0,1,1,0
175,7.355,93.268,11.722,0,51.758,0.235,2,0.020047773,4.415,0,1,0,0
188,10.732,73.95,7.242,1,51.86,7.048,2,0.97321182,7.161,0,1,0,1
229,7.085,86.275,9.208,0,52.057,4.279,2,0.464704605,5.653,1,1,1,0
855,2.112,69.586,7.107,3,52.502,5.912,2,0.831855917,7.387,0,0,1,0
651,3.612,65.987,6.892,0,52.624,2.927,2,0.424695299,7.636,0,0,1,0
758,11.267,59.765,4.282,3,52.869,2.65,2,0.618869687,12.347,0,0,1,1
442,1.598,71.792,8.305,1,52.913,6.187,2,0.744972908,6.371,0,0,1,0
353,4.764,64.363,8.835,3,53.273,7.871,2,0.890888512,6.030,0,1,0,0
979,10.073,63.706,5.311,3,53.373,0.454,2,0.08548296,10.050,0,0,1,0
31,6.61,62.158,7.037,3,53.509,1.539,2,0.218701151,7.604,1,1,1,1
612,2.208,53.329,6.19,3,53.51,5.276,2,0.852342488,8.645,0,1,1,1
884,6.04,71.725,10.049,1,53.753,6.93,2,0.689620858,5.349,0,1,0,0
662,6.66,91.051,5.165,2,54.193,4.513,2,0.873765731,10.492,1,1,1,1
282,7.14,67.037,5.913,3,54.286,1.69,2,0.285810925,9.181,0,0,1,0
727,12.22,69.941,5.173,3,54.453,5.458,2,1.055093756,10.526,1,1,1,1
243,12.22,82.815,8.037,1,54.609,5.181,2,0.644643524,6.795,0,1,0,1
942,10.954,77.244,6.229,1,54.715,3.222,2,0.517257987,8.784,1,0,1,0
445,6.852,83.665,7.373,1,54.876,7.09,2,0.96161671,7.443,1,1,0,1
227,5.111,83.749,8.572,0,54.893,4.916,2,0.5734951,6.404,0,0,1,0
932,4.294,72.557,5.716,3,54.932,2.313,2,0.404653604,9.610,1,1,1,1
109,9.075,80.496,6.314,2,55.399,1.836,2,0.290782388,8.774,0,1,0,1
703,1.613,72.889,7.186,0,55.694,3.565,2,0.496103535,7.750,1,1,0,1
660,6.435,73.481,9.221,1,56.579,3.188,2,0.345732567,6.136,0,0,1,0
440,5.498,87.675,6.54,3,56.935,2.815,2,0.430428135,8.706,1,1,0,1
617,4.049,87.983,6.944,3,57.918,5.777,2,0.831941244,8.341,0,1,0,0
623,5.144,73.95,6.344,3,57.953,4.832,2,0.761664565,9.135,1,1,1,0
620,9.08,56.646,6.967,2,58.129,0.861,2,0.123582604,8.343,1,1,1,0
51,7.378,62.963,4.935,5,58.183,2.826,2,0.572644377,11.790,1,0,1,0
772,6.939,81.026,8.582,1,58.2,3.043,2,0.354579352,6.782,1,0,0,0
436,4.212,78.549,6.197,4,58.239,6.584,2,1.062449572,9.398,1,1,1,1
277,9.145,63.522,5.094,4,58.31,2.552,2,0.500981547,11.447,1,0,1,0
811,6.432,71.218,10.513,2,58.407,0.715,2,0.068011034,5.556,1,1,1,0
552,0.154,73.853,9.182,2,58.541,6.61,2,0.719886735,6.376,0,0,1,0
580,4.93,79.754,6.951,1,59.147,3.996,2,0.574881312,8.509,1,1,1,1
373,4.29,76.536,10.523,3,59.405,0.117,2,0.011118502,5.645,0,0,1,0
314,5.757,91.983,8.169,1,59.407,5.049,2,0.618068307,7.272,0,0,1,0
865,8.835,93.292,7.145,1,59.83,5.989,2,0.838208537,8.374,1,0,1,1
368,5.582,65.149,8.438,2,60.064,2.546,2,0.301730268,7.118,0,1,0,0
883,6.164,74.182,5.275,5,60.419,1.264,2,0.239620853,11.454,1,0,1,0
913,3.167,76.784,8.091,1,60.83,2.683,2,0.331603016,7.518,0,1,1,1
139,4.021,91.596,9.147,1,61.08,4.602,2,0.503115776,6.678,1,1,0,0
182,11.403,67.493,6.017,1,61.517,6.158,2,1.023433605,10.224,1,0,0,0
978,7.958,80.514,5.746,3,61.532,5.476,2,0.95301079,10.709,1,1,1,0
184,3.429,70.942,9.029,0,61.571,3.414,2,0.378114963,6.819,0,0,1,0
155,5.332,73.585,8.105,3,61.599,6.58,2,0.81184454,7.600,1,1,1,1
596,10.236,77.426,5.087,4,61.604,2.783,2,0.547080794,12.110,0,1,1,1
778,3.442,71.694,6.563,3,61.703,2.133,2,0.325003809,9.402,1,1,1,1
968,10.71,67.928,4.782,2,61.784,4.316,2,0.902551234,12.920,1,0,0,0
640,2.826,68.694,11.758,0,62.034,6.318,2,0.537336282,5.276,0,0,0,1
290,10.389,66.499,4.622,4,62.191,2.817,2,0.609476417,13.455,0,0,0,1
714,11.178,93.072,5.33,5,62.237,1.869,2,0.35065666,11.677,0,0,0,1
405,8.156,62.603,6.307,4,62.294,1.765,2,0.279847788,9.877,1,0,1,1
905,11.151,64.692,5.763,1,62.495,2.38,2,0.412979351,10.844,1,0,0,0
930,12.22,81.266,10.663,0,62.687,5.206,2,0.488230329,5.879,1,0,1,1
792,9.031,73.95,7.764,2,63.153,2.561,2,0.329855744,8.134,0,1,1,1
950,9.887,60.344,6.006,3,63.444,0.507,2,0.084415584,10.563,1,1,0,0
801,6.077,67.117,9.108,1,63.721,3.094,2,0.339701361,6.996,0,0,1,0
283,7.931,82.366,5.005,5,64.001,2.7,2,0.539460539,12.787,1,0,1,1
736,9.829,65.252,5.401,2,64.018,5.467,2,1.012219959,11.853,1,0,0,0
635,5.155,89.933,9.35,0,64.134,3.564,2,0.381176471,6.859,0,1,0,0
756,14.217,65.374,7.549,3,64.37,0.769,2,0.101867797,8.527,0,0,1,0
347,5.513,65.351,9.49,0,64.422,2.543,2,0.26796628,6.788,0,1,1,0
357,9.762,65.737,5.125,3,64.428,5.394,2,1.052487805,12.571,0,0,0,1
112,10.11,79.742,5.594,3,64.496,4.515,2,0.807114766,11.529,0,1,1,1
574,4.854,78.873,10.021,0,64.688,4.916,2,0.490569803,6.455,0,0,0,1
164,3.398,77.448,9.679,0,64.774,2.576,2,0.266143197,6.692,0,0,0,1
301,2.245,54.644,9.58,0,64.776,3.279,2,0.342275574,6.762,0,0,1,0
891,6.106,69.926,7.488,3,64.873,5.43,2,0.725160256,8.664,1,1,0,0
795,2.503,70.783,7.308,2,64.891,3.849,2,0.526683087,8.879,1,1,0,1
853,8.501,63.434,5.634,4,64.958,2.484,2,0.440894569,11.530,1,0,1,1
836,8.936,88.831,7.833,1,65.023,6.567,2,0.838376101,8.301,1,0,0,0
278,10.265,66.906,5.984,2,65.116,6.36,2,1.062834225,10.882,0,0,0,1
404,8.487,68.603,6.035,3,65.21,5.457,2,0.904225352,10.805,0,1,0,0
962,4.784,62.471,8.627,1,65.373,3.334,2,0.38646111,7.578,0,0,1,1
751,12.842,65.594,4.9,4,65.867,2.794,2,0.570204082,13.442,0,0,0,1
345,3.015,60.077,9.081,1,65.895,4.401,2,0.484638256,7.256,1,1,1,1
181,2.756,70.658,12.236,0,66.051,0.059,2,0.004821837,5.398,0,1,0,1
118,4.486,65.958,9.499,2,66.253,1.296,2,0.136435414,6.975,0,0,1,0
237,9.218,66.077,7.889,3,66.4,0.076,2,0.009633667,8.417,0,1,1,1
974,3.956,81.259,7.294,3,66.757,4.562,2,0.625445572,9.152,0,0,0,1
203,5.659,77.429,7.397,3,67.587,2.304,2,0.311477626,9.137,0,1,1,1
686,9.608,56.045,8.209,2,67.907,1.706,2,0.207820685,8.272,0,0,1,1
211,3.85,73.95,10.874,0,68.01,4.145,2,0.381184477,6.254,0,0,1,0
966,12.22,90.497,10.149,2,68.426,1.976,2,0.194698985,6.742,0,1,1,0
387,7.369,83.28,6.873,3,68.564,6.032,2,0.877637131,9.976,1,1,1,0
705,4.09,76.999,10.006,3,68.654,1.216,2,0.121527084,6.861,1,0,1,0
898,6.344,73.95,8.395,2,69.1,3.359,2,0.400119119,8.231,1,1,0,0
957,8.525,89.516,5.836,3,69.155,4.521,2,0.774674435,11.850,1,1,1,1
429,8.576,47.962,6.367,4,69.505,6.099,2,0.957907963,10.916,1,0,0,1
788,10.896,62.282,5.547,3,70,2.903,2,0.523345953,12.619,1,0,0,0
40,7.598,71.507,6.905,2,70.029,3.585,2,0.519188993,10.142,1,0,0,1
917,8.466,67.136,7.204,4,70.123,0.713,2,0.098972793,9.734,1,0,0,0
425,10.501,61.344,6.258,1,70.473,5.097,2,0.814477469,11.261,0,0,0,1
44,7.155,69.505,5.894,5,71.325,4.983,2,0.845436037,12.101,0,0,1,1
246,10.297,65.361,5.64,2,71.583,4.359,2,0.77287234,12.692,1,0,0,1
176,10.284,79.466,7.005,4,72.088,1.474,2,0.210421128,10.291,1,1,1,0
872,7.172,66.99,12.271,0,72.428,5.703,2,0.464754299,5.902,0,1,0,0
29,4.854,81.351,8.945,3,73.003,1.075,2,0.120178871,8.161,1,0,1,1
893,3.463,66.538,7.595,3,73.179,3.493,2,0.459907834,9.635,1,1,1,0
208,1.827,72.793,10.752,3,73.822,1.096,2,0.101934524,6.866,1,1,1,1
770,3.622,77.011,10.513,0,74.108,4.727,2,0.449633787,7.049,0,0,1,0
857,4.216,72.42,10.412,0,75.061,3.372,2,0.323857088,7.209,1,1,1,0
361,5.073,77.329,8.877,3,76.032,2.817,2,0.317336938,8.565,0,0,0,1
250,6.118,67.836,7.833,3,76.095,3.951,2,0.504404443,9.715,0,0,1,1
924,10.054,78.101,6.583,3,76.347,4.409,2,0.669755431,11.598,1,1,1,0
951,6.92,76.768,8.662,3,76.415,2.984,2,0.344493189,8.822,1,0,1,0
286,8.442,73.95,7.168,5,76.485,0.953,2,0.132952009,10.670,1,0,0,1
849,13.202,86.966,5.852,5,76.547,4.86,2,0.830485304,13.080,1,1,1,0
997,10.373,78.225,7.378,3,76.608,5.459,2,0.739902413,10.383,0,1,0,0
615,7.776,53.224,7.556,3,77.652,2.353,2,0.311408152,10.277,1,1,1,1
162,5.272,77.125,9.742,3,77.775,5.601,2,0.574933279,7.983,1,0,1,0
36,12.375,64.614,6.577,3,77.839,3.364,2,0.511479398,11.835,1,1,1,1
560,8.988,79.287,6.652,4,78.41,2.874,2,0.432050511,11.787,1,0,0,0
199,12.22,61.039,6.806,2,78.449,5.616,2,0.825154276,11.526,0,0,0,1
179,3.043,75.704,10.79,0,78.623,4.722,2,0.437627433,7.287,0,0,1,0
134,10.327,82.679,6.939,3,79.125,3.326,2,0.479319787,11.403,1,1,1,0
122,8.608,68.103,7.912,3,79.497,4.161,2,0.52591001,10.048,0,1,0,0
216,7.994,77.469,8.052,3,79.611,6.081,2,0.755216095,9.887,0,0,0,1
641,8.911,60.226,5.914,3,79.952,4.828,2,0.81636794,13.519,0,0,1,0
688,5.798,60.303,8.254,3,80.354,3.71,2,0.44947904,9.735,1,0,0,0
102,2.49,83.507,10.451,1,80.411,3.474,2,0.332408382,7.694,1,1,1,0
572,4.35,74.179,9.049,3,80.867,2.04,2,0.225439275,8.937,1,1,0,0
463,9.51,72.989,8.303,4,83.798,1.122,2,0.13513188,10.092,1,1,0,1
695,9.22,85.737,7.734,3,84.246,2.762,2,0.357124386,10.893,0,1,1,0
466,7.623,71.149,7.594,4,84.383,5.63,2,0.74137477,11.112,0,0,0,1
355,9.355,66.235,6.164,4,84.764,2.394,2,0.388384166,13.751,1,0,0,0
292,7.377,69.84,7.978,3,85.2,4.361,2,0.546628228,10.679,0,0,0,1
414,7.36,73.95,11.437,3,85.552,1.451,2,0.126868934,7.480,0,1,1,0
638,9.129,80.865,6.818,4,85.848,4.342,2,0.636843649,12.591,0,1,0,1
782,8.599,102.491,10.008,1,85.963,3.757,2,0.37539968,8.589,1,1,1,1
103,7.975,61.577,8.087,3,86.589,2.658,2,0.328675652,10.707,1,0,0,0
159,11.314,60.627,6.943,4,86.738,3.842,2,0.5533631,12.493,1,1,1,1
461,2.392,75.588,10.831,1,86.776,4.145,2,0.382697812,8.012,0,1,0,0
117,12.588,68.651,7.534,3,86.926,3.56,2,0.472524555,11.538,0,0,1,1
242,7.513,77.454,11.039,2,87.36,3.145,2,0.284898994,7.914,0,1,1,0
821,6.286,65.808,7.834,4,89.362,3.732,2,0.476384989,11.407,0,1,1,0
817,9.86,77.807,7.054,4,89.388,4.07,2,0.576977601,12.672,1,0,1,1
995,5.457,70.622,8.163,3,89.809,4.224,2,0.517456817,11.002,0,0,1,0
107,3.516,83.826,8.897,4,90.445,2.311,2,0.259750478,10.166,1,1,1,0
936,12.22,67.538,10.195,2,90.752,4.05,2,0.397253556,8.902,0,1,0,0
38,8.23,94.747,11.455,2,90.759,2.934,2,0.256132693,7.923,0,1,1,0
382,7.427,75.736,10.222,3,92.111,0.764,2,0.074740755,9.011,0,1,1,0
642,5.475,73.842,8.726,3,92.738,3.641,2,0.417258767,10.628,1,1,1,0
578,8.968,80.342,7.568,5,95.882,5.373,2,0.709963002,12.669,0,1,1,1
912,8.59,58.35,7.987,5,95.885,1.985,2,0.248528859,12.005,0,0,0,1
156,10.188,92.868,8.315,3,96.516,4.906,2,0.59001804,11.607,1,1,1,0
934,9.678,73.246,8.679,3,96.533,4.735,2,0.545569766,11.123,1,1,1,0
737,11.319,73.95,7.53,2,97.228,4.361,2,0.579150066,12.912,0,0,1,0
589,5.462,64.138,8.232,4,97.993,2.618,2,0.318027211,11.904,1,0,1,1
649,7.434,78.456,9.636,3,98.125,3.406,2,0.353466169,10.183,0,1,1,1
233,8.19,81.633,7.268,5,99.274,4.084,2,0.561915245,13.659,0,1,1,0
267,8.468,76.128,8.921,4,99.336,5.991,2,0.671561484,11.135,0,1,0,1
82,8.312,57.226,8.571,5,103.413,4.87,2,0.568195076,12.065,1,1,0,0
489,11.369,71.429,8.039,5,106.065,2.944,2,0.366214703,13.194,1,1,1,0
438,11.667,63.52,9.622,4,110.11,2.34,2,0.243192683,11.444,1,1,1,0
569,6.883,80.6,9.438,5,110.226,5.327,2,0.564420428,11.679,1,1,1,1
526,6.966,75.102,11.106,4,111.481,7.095,2,0.638843868,10.038,1,0,0,1
904,8.085,78.474,12.02,3,114.195,6.317,2,0.525540765,9.500,0,1,1,1
732,7.97,79.215,10.916,3,116.891,2.447,2,0.224166361,10.708,0,1,0,1
173,10.334,69.205,9.588,2,119.293,4.447,2,0.463808928,12.442,0,0,0,1
601,8.991,94.327,12.043,4,123.898,1.094,2,0.090841153,10.288,0,0,1,0
157,12.22,69.114,12.717,4,137.596,1.9,2,0.149406307,10.820,1,1,1,0
372,6.3,78.443,11.465,4,139.425,4.047,2,0.352987353,12.161,0,1,1,0
144,11.625,80.43,10.086,5,140.157,3.794,2,0.376164981,13.896,0,1,1,0
114,4.945,65.747,5.355,0,14.227,6.726,3,1.256022409,2.657,0,1,0,1
362,9.295,68.929,2.108,1,23.033,3.586,3,1.70113852,10.926,0,0,0,1
191,3.891,69.953,9.264,0,23.519,1.45,3,0.156519862,2.539,0,1,1,0
238,5.727,73.95,6.324,0,25.767,1.621,3,0.256325111,4.074,0,1,1,1
224,6.849,73.201,5.67,1,26.347,7.569,3,1.334920635,4.647,0,1,0,1
327,6.999,66.392,6.378,0,26.812,2.676,3,0.419567262,4.204,0,0,1,0
501,6.443,63.067,5.134,0,29.685,2.809,3,0.547136735,5.782,0,0,1,0
207,8.889,62.933,2.615,1,30.533,5.154,3,1.970936902,11.676,1,0,0,0
262,3.294,63.587,4.376,3,31.622,0.282,3,0.064442413,7.226,1,1,1,1
761,4.127,67.246,7.008,0,32.215,1.797,3,0.256421233,4.597,1,1,1,0
344,9.739,62.867,2.758,4,32.895,5.026,3,1.822335025,11.927,1,1,1,0
320,0.312,67.7,5.726,1,33.178,1.738,3,0.303527768,5.794,0,0,1,0
797,7.124,59.296,5.847,0,33.541,2.653,3,0.453736959,5.736,0,0,1,0
491,11.154,65.098,2.415,4,34.045,3.379,3,1.399171843,14.097,0,0,0,1
426,8.821,68.588,3.789,3,35.186,1.438,3,0.379519662,9.286,0,1,1,1
5,2.19,51.727,9.152,0,35.488,1.788,3,0.195367133,3.878,0,1,0,0
504,5.777,78.295,5.272,1,35.544,2.453,3,0.465288316,6.742,1,1,0,1
25,8.684,57.248,10.176,1,36.008,0.014,3,0.001375786,3.539,1,1,1,0
321,5.52,73.79,8.946,0,36.103,0.804,3,0.089872569,4.036,0,0,0,1
812,7.722,76.451,4.144,2,36.151,6.256,3,1.50965251,8.724,0,1,0,1
412,2.276,63.322,8.251,0,38.697,2.607,3,0.315961702,4.690,1,1,1,0
517,0.237,82.551,7.609,1,38.776,0.675,3,0.088710737,5.096,0,1,1,0
987,5.196,59.482,10.657,0,38.853,6.622,3,0.621375622,3.646,1,1,1,0
198,5.455,69.339,6.488,1,39.492,5.82,3,0.897040691,6.087,1,1,0,1
990,4.447,67.429,7.633,0,40.012,3.563,3,0.466788943,5.242,1,1,0,1
693,6.285,66.023,6.6,1,40.457,2.366,3,0.358484848,6.130,1,1,1,0
366,6.375,66.475,4.51,4,40.845,7.04,3,1.56097561,9.057,0,1,1,1
977,12.22,71.619,7.383,1,41.035,6.506,3,0.881213599,5.558,0,0,0,1
870,9.139,67.24,5.06,3,42.041,0.849,3,0.167786561,8.308,0,1,1,1
113,6.507,65.813,6.633,2,42.473,0.148,3,0.022312679,6.403,1,1,1,1
902,7.202,65.704,5.765,2,42.476,2.351,3,0.407805724,7.368,0,1,1,1
710,1.928,65.215,7.946,0,43.056,2.125,3,0.267430154,5.419,1,1,1,0
999,3.316,75.49,5.501,1,43.152,4.22,3,0.767133249,7.844,0,0,1,0
147,5.66,86.872,5.344,1,43.684,3.65,3,0.683008982,8.174,0,1,0,0
265,10.574,73.95,9.098,1,43.753,9.286,3,1.020663882,4.809,1,1,1,1
325,1.989,67.951,7.346,2,44.543,1.448,3,0.197114076,6.064,0,1,0,0
652,6.856,58.723,3.828,4,45.005,4.176,3,1.090909091,11.757,1,0,1,1
106,12.505,63.518,3.845,1,45.793,4.065,3,1.057217165,11.910,1,0,0,0
928,5.125,63.334,6.938,3,46.125,0.859,3,0.123810897,6.648,1,1,1,0
482,6.912,80.251,9.355,0,46.36,2.055,3,0.219668626,4.956,0,0,1,0
459,5.988,72.768,4.478,2,46.661,3.724,3,0.831621259,10.420,1,1,0,1
92,6.197,81.842,8.547,0,47.552,5.069,3,0.593073593,5.564,0,0,0,1
186,7.949,91.506,7.389,2,48.315,1.534,3,0.207605901,6.539,0,0,0,1
273,4.444,64.701,4.687,3,51.513,4.196,3,0.895242159,10.991,1,1,0,1
369,10.417,80.555,8.033,2,52.698,8.036,3,1.000373459,6.560,1,0,1,0
149,9.984,79.402,5.819,3,52.944,1.282,3,0.220312769,9.098,0,0,0,1
70,9.938,78.164,5.657,1,53.264,4.182,3,0.739261092,9.416,0,1,0,1
721,8.281,77.932,7.441,1,53.726,4.629,3,0.622093805,7.220,1,0,1,1
598,9.308,81.528,7.13,2,54.124,0.143,3,0.020056101,7.591,1,1,0,0
515,9.968,91.766,6.449,2,54.353,5.92,3,0.917971779,8.428,1,0,1,1
976,5.405,59.843,7.396,2,55.162,2.746,3,0.371281774,7.458,1,0,0,0
602,8.547,78.815,5.894,3,56.01,2.747,3,0.466067187,9.503,0,1,0,0
606,5.006,79.924,6.672,3,56.607,7.532,3,1.128896882,8.484,1,0,1,1
777,5.376,74.839,8,3,56.698,1.075,3,0.134375,7.087,0,1,0,0
983,4.758,81.822,7.786,3,57.381,1.803,3,0.231569484,7.370,0,1,0,0
16,3.986,70.084,11.912,0,57.42,1.791,3,0.150352586,4.820,1,1,1,1
683,5.234,72.133,5.398,5,57.854,0.749,3,0.138755094,10.718,0,1,0,1
973,3.591,69.28,6.418,4,58.406,1.012,3,0.157681521,9.100,0,0,0,1
75,8.583,92.312,6.53,2,58.415,6.141,3,0.94042879,8.946,1,0,0,0
943,8.305,58.159,12.864,1,58.608,0.432,3,0.03358209,4.556,1,1,1,1
785,8.941,69.738,8.745,2,59.026,1.789,3,0.204574042,6.750,1,1,1,1
378,3.123,73.95,8.619,0,59.597,5.243,3,0.608307228,6.915,0,1,0,1
422,1.658,93.502,10.632,2,59.871,1.016,3,0.095560572,5.631,1,1,1,1
304,11.845,67.533,4.814,2,60.183,3.496,3,0.726215206,12.502,0,0,0,1
595,6.891,66.096,7.189,3,61.489,0.562,3,0.07817499,8.553,0,1,1,1
717,5.79,94.689,6.545,3,61.66,4.747,3,0.725286478,9.421,0,0,1,0
694,10.027,53.44,7.17,3,61.716,0.879,3,0.122594142,8.608,0,1,1,1
834,10.076,79.507,6.223,3,61.788,1.733,3,0.278483047,9.929,1,0,0,1
319,6.944,68.218,8.417,3,63.15,0.7,3,0.083165023,7.503,1,1,0,1
699,12.22,84.523,7.622,1,63.585,3.969,3,0.520729467,8.342,0,1,0,1
47,0.842,95.522,11.565,2,64.675,0.644,3,0.055685257,5.592,0,0,1,0
483,4.458,88.309,8.405,1,65.169,4.138,3,0.492325996,7.754,1,0,1,0
12,4.138,81.061,7.035,3,65.216,4.637,3,0.659132907,9.270,0,1,0,0
341,5.215,84.746,9.799,1,65.846,3.309,3,0.337687519,6.720,1,1,1,1
611,7.038,65.56,10.467,1,66.237,2.812,3,0.268653865,6.328,1,1,1,1
370,3.102,71.453,8.977,3,66.421,1.336,3,0.148824774,7.399,0,1,0,1
202,7.846,74.047,6.89,3,66.577,1.837,3,0.266618287,9.663,1,0,0,0
542,11.581,78.808,5.562,3,67.215,3.89,3,0.699388709,12.085,0,1,1,0
753,8.404,72.415,9.07,3,67.319,1.14,3,0.125689085,7.422,1,1,0,0
590,5.615,60.732,9.418,2,67.511,5.873,3,0.62359312,7.168,0,1,0,0
922,1.508,80.389,8.91,2,67.547,5.631,3,0.631986532,7.581,0,0,1,0
568,4.652,73.95,6.677,2,67.548,3.301,3,0.494383705,10.117,0,1,1,1
806,9.524,90.516,6.962,4,68.347,0.878,3,0.126113186,9.817,1,1,1,0
575,5.802,80.554,10.231,3,68.841,7.339,3,0.717329684,6.729,1,1,1,1
210,5.344,85.826,13.743,1,69.38,1.315,3,0.095685076,5.048,0,0,1,0
275,2.778,71.524,10.4,0,69.606,3.747,3,0.360288462,6.693,1,1,1,0
522,6.386,77.277,7.087,3,69.695,4.361,3,0.615352053,9.834,0,1,0,1
789,5.688,76.387,8.818,2,70.489,3.351,3,0.380018145,7.994,1,1,0,1
509,8.688,66.108,6.187,2,70.875,2.174,3,0.35138193,11.455,1,0,0,0
728,8.824,84.948,8.932,2,71.477,4.392,3,0.491715181,8.002,0,1,0,0
822,8.578,72.647,6.375,3,72.211,3.839,3,0.602196078,11.327,1,1,1,1
358,5.709,68.354,9.327,0,73.35,4.406,3,0.47239198,7.864,0,1,1,0
918,10.513,65.778,6.364,1,74.221,3.93,3,0.617536141,11.663,0,0,0,1
760,5.841,67.945,9.566,3,76.196,1.948,3,0.203637884,7.965,0,1,1,0
335,10.097,68.791,6.986,1,76.502,2.563,3,0.36687661,10.951,0,0,1,1
733,12.646,66.089,7.465,4,76.855,1.054,3,0.14119223,10.295,1,0,1,1
819,2.398,80.672,9.572,4,77.122,0.244,3,0.025491015,8.057,0,1,1,1
954,6.567,94.647,9.84,1,77.322,4.432,3,0.450406504,7.858,0,1,0,0
235,4.781,67.782,7.859,3,77.405,4.892,3,0.622471052,9.849,1,1,0,0
712,8.434,79.573,6.917,5,79.586,1.242,3,0.179557612,11.506,0,1,1,1
790,9.95,66.649,7.653,3,79.727,5.66,3,0.73957925,10.418,0,1,0,1
563,3.371,65.976,10.197,3,80.733,1.78,3,0.174561145,7.917,0,0,0,1
17,10.952,73.95,5.957,5,80.753,4.217,3,0.707906664,13.556,0,0,1,0
682,7.807,77.101,9.151,3,81.269,0.413,3,0.04513168,8.881,0,0,1,0
435,7.352,77.408,7.763,5,84.166,0.682,3,0.087852634,10.842,0,0,0,1
969,9.027,78.108,8.749,4,84.233,0.741,3,0.084695394,9.628,1,1,1,0
908,10.414,63.536,6.836,2,85.334,3.339,3,0.488443534,12.483,0,0,0,1
599,6.263,94.207,7.121,5,85.985,2.03,3,0.285072321,12.075,0,0,0,1
137,12.859,63.808,10.124,2,86.383,2.257,3,0.222935599,8.532,0,1,0,1
143,8.806,67.353,7.458,3,86.398,3.746,3,0.502279431,11.585,1,1,1,0
874,8.144,98.719,7.374,4,87.531,3.284,3,0.445348522,11.870,0,1,1,1
178,4.755,66.137,7.264,5,90.85,3.545,3,0.488023128,12.507,0,0,1,0
469,3.051,73.963,10.724,3,92.289,5.321,3,0.4961768,8.606,0,1,0,0
931,8.614,76.94,9.267,3,93.898,5.572,3,0.601273335,10.133,0,1,1,0
813,8.751,74.129,9.946,2,94.089,5.238,3,0.526643877,9.460,1,1,0,0
295,7.881,78.475,9.582,4,94.332,6.959,3,0.726257566,9.845,1,0,0,1
531,4.801,72.937,12.824,3,95.261,1.633,3,0.127339364,7.428,1,1,1,0
763,8.61,89.126,10.131,1,96.164,4.484,3,0.442601915,9.492,0,0,1,0
510,6.281,78.856,10.208,3,96.181,3.191,3,0.312597962,9.422,1,0,0,0
653,4.633,66.997,9.47,3,97.062,5.018,3,0.529883844,10.249,0,1,1,0
862,11.591,78.335,8.974,3,97.13,3.04,3,0.338756407,10.823,0,0,1,1
767,11.029,73.95,7.047,4,99.586,3.069,3,0.43550447,14.132,1,0,0,0
132,10.567,67.19,8.525,4,99.703,2.364,3,0.277302053,11.695,1,1,1,0
675,8.26,70.157,9.271,4,118.92,4.007,3,0.43220796,12.827,1,1,1,1
85,12.22,55.074,10.41,4,119.564,2.638,3,0.253410183,11.485,1,1,1,0
730,9.059,76.584,1.03,3,11.181,2.935,4,2.849514563,10.855,1,1,0,0
247,7.739,79.376,3.642,3,22.676,8.736,4,2.398682043,6.226,1,1,1,0
655,6.343,64.023,2.729,2,23.027,6.156,4,2.255771345,8.438,0,1,1,1
718,7.803,77.634,5.941,1,25.983,7.957,4,1.339336812,4.374,1,1,1,1
557,4.075,74.025,14.352,0,26.149,8.409,4,0.585911371,1.822,0,0,1,0
804,6.345,75.232,7.677,0,29.737,1.121,4,0.146020581,3.874,0,1,1,1
249,10.456,68.223,2.724,2,29.995,2.245,4,0.824155653,11.011,1,0,0,0
621,2.045,84.93,12.988,0,31.049,6.036,4,0.46473668,2.391,1,0,0,0
19,0.911,71.769,8.139,1,33.981,0.452,4,0.055535078,4.175,1,1,0,0
241,4.652,73.47,8.197,0,34.771,5.779,4,0.70501403,4.242,0,1,0,0
271,5.049,81.011,10.162,0,35.808,0.651,4,0.064062192,3.524,0,0,1,1
873,6.197,73.607,11.989,0,37.989,6.682,4,0.557344232,3.169,0,1,1,1
421,5.204,72.732,7.659,1,38.149,0.982,4,0.128215172,4.981,1,1,1,1
726,10.031,79.65,4.407,3,39.464,0.931,4,0.211254822,8.955,0,1,1,1
148,4.64,80.025,9.717,0,43.792,7.84,4,0.806833385,4.507,0,1,1,0
142,9.817,73.95,3.546,3,47.086,3.146,4,0.887196842,13.279,0,0,1,1
450,8.516,81.663,12.536,0,47.547,1.963,4,0.156589024,3.793,0,0,1,0
988,8.136,62.605,14.734,0,50.001,0.649,4,0.044047781,3.394,0,1,1,1
299,2.565,64.719,9.057,1,50.347,6.524,4,0.720326819,5.559,1,1,1,1
52,2.562,71.158,8.002,0,51.531,3.577,4,0.447013247,6.440,0,0,1,0
579,3.958,89.84,6.59,1,52.247,3.904,4,0.592412747,7.928,0,0,1,0
457,1.238,77.231,11.888,1,54.315,1.106,4,0.093034993,4.569,1,0,1,0
671,4.491,81.541,9.751,1,54.328,2.038,4,0.209004205,5.572,1,0,0,0
138,7.838,62.908,10.336,0,54.777,2.432,4,0.235294118,5.300,0,1,1,0
95,7.285,73.5,11.715,0,55.321,5.119,4,0.436961161,4.722,0,1,1,0
223,8.309,72.646,9.109,1,56.3,2.339,4,0.25677901,6.181,0,0,1,0
380,10.085,65.964,6.976,3,57.012,0.552,4,0.07912844,8.173,0,0,1,1
809,6.585,83.134,4.805,3,57.542,4.434,4,0.922788762,11.975,1,0,0,1
401,4.514,72.468,13.076,0,58.09,4.061,4,0.310568981,4.442,1,1,1,0
71,3.67,80.157,9.668,2,58.616,1.315,4,0.136015722,6.063,0,0,1,0
975,5.776,89.597,11.709,1,58.709,0.173,4,0.014774959,5.014,1,1,1,1
741,9.405,63.739,5.573,3,58.821,0.57,4,0.102278844,10.555,0,0,1,1
276,3.621,61.548,7.938,4,65.901,0.172,4,0.021667926,8.302,0,1,1,0
774,4.637,73.95,8.554,3,68.018,1.877,4,0.219429507,7.952,0,1,0,0
581,4.923,90.242,7.524,4,68.295,0.164,4,0.021796917,9.077,1,1,1,1
458,4.235,83.066,9.535,2,68.872,2.61,4,0.273728369,7.223,0,1,1,1
467,6.501,71.291,7.327,3,68.952,4.45,4,0.607342705,9.411,1,1,1,1
605,6.084,70.801,10.207,1,69.49,3.103,4,0.304007054,6.808,0,0,1,0
866,12.22,74.62,11.41,1,70.897,1.997,4,0.175021911,6.214,1,1,0,1
158,4.58,81.187,12.782,0,71.319,1.365,4,0.1067908,5.580,0,1,0,0
948,6.201,82.418,11.87,0,72.788,6.174,4,0.520134794,6.132,0,0,1,0
468,6.329,79.983,11.535,1,74.227,2.959,4,0.256523624,6.435,0,1,0,1
55,7.613,87.068,8.498,4,74.705,8.212,4,0.966345022,8.791,0,1,1,0
464,12.254,69.971,10.755,3,75.168,9.096,4,0.845746165,6.989,0,1,0,0
289,3.331,84.419,11.892,1,75.72,5.264,4,0.442650521,6.367,0,1,0,0
946,2.474,89.715,11.206,0,77.394,3.892,4,0.347313939,6.906,1,1,1,1
945,6.17,72.08,13.553,2,78.59,7.328,4,0.540692098,5.799,1,0,0,1
150,4.827,79.656,9.529,2,81.845,3.884,4,0.407597859,8.589,0,1,0,0
56,5.479,78.553,8.052,4,82.265,5.881,4,0.730377546,10.217,1,1,0,1
478,5.717,91.267,10.587,2,83.059,2.957,4,0.279304808,7.845,0,1,0,0
431,8.148,68.797,11.893,3,83.083,0.05,4,0.004204154,6.986,0,0,1,1
20,6.082,73.95,8.291,3,83.271,2.84,4,0.342540104,10.044,1,0,1,1
648,10.953,65.541,7.678,2,83.392,2.265,4,0.294998698,10.861,1,0,0,0
245,6.571,86.759,14.129,1,84.101,3.02,4,0.21374478,5.952,1,1,1,1
878,6.837,69.123,12.329,2,84.743,0.035,4,0.002838835,6.873,0,1,0,0
465,1.964,67.294,10.096,2,84.766,2.924,4,0.289619651,8.396,0,1,0,0
860,2.791,58.12,11.859,2,85.509,5.264,4,0.443882283,7.210,1,1,0,1
101,8.085,87.863,6.808,4,86.371,4.187,4,0.615011751,12.687,0,0,0,1
664,10.646,60.096,9.135,1,86.761,1.328,4,0.145374932,9.498,0,0,0,1
310,6.467,67.394,7.946,5,86.852,0.945,4,0.118927762,10.930,1,1,1,1
266,1.713,65.983,11.689,0,88.559,4.839,4,0.413978955,7.576,1,1,1,1
94,9.499,94.025,11.47,1,89.654,6.606,4,0.575937228,7.816,1,0,0,0
706,10.898,58.176,8.815,2,89.722,2.817,4,0.319568917,10.178,0,1,1,1
124,6.804,73.982,9.203,3,90.422,6.245,4,0.678583071,9.825,1,1,1,0
626,6.791,82.768,11.225,1,91.241,3.315,4,0.29532294,8.128,0,0,1,0
363,5.749,83.148,10.161,3,91.885,2.131,4,0.209723452,9.043,1,1,1,0
532,4.179,95.403,10.354,1,92.065,4.045,4,0.390670272,8.892,0,1,1,0
845,3.678,67.052,9.848,4,92.168,1.673,4,0.16988221,9.359,1,0,1,0
495,3.929,65.443,8.945,4,92.784,2.208,4,0.246841811,10.373,1,1,0,1
690,4.134,53.788,11.088,3,92.88,5.627,4,0.50748557,8.377,1,1,1,1
500,8.285,80.827,9.397,3,93.102,6.272,4,0.667447058,9.908,0,0,0,1
53,3.946,73.95,12.401,1,94.638,3.874,4,0.312394162,7.631,0,1,1,0
827,5.965,70.131,10.941,3,97.313,5.148,4,0.470523718,8.894,0,1,0,0
24,8.759,83.758,11.988,3,98.518,2.442,4,0.203703704,8.218,0,0,1,0
477,6.891,67.972,7.925,4,99.159,3.535,4,0.446056782,12.512,1,1,1,1
449,12.22,64.314,10.825,4,99.58,0.387,4,0.035750577,9.199,1,1,1,1
257,5.34,66.956,9.973,2,99.643,3.302,4,0.331093954,9.991,0,0,1,0
784,8.313,81.418,10.259,4,100.985,0.821,4,0.080027293,9.844,0,0,1,0
331,9.006,65.802,10.086,4,102.107,1.021,4,0.101229427,10.124,0,1,0,0
42,10.453,67.036,9.523,4,102.207,6.182,4,0.649165179,10.733,0,0,1,1
385,10.118,75.806,9.465,3,103.327,3.025,4,0.319598521,10.917,1,0,1,1
910,9.391,76.308,11.022,4,103.719,0.534,4,0.048448557,9.410,1,0,0,1
160,7.825,82.279,10.899,3,105.835,1.988,4,0.182402055,9.711,0,1,1,1
337,10.513,66.13,10.172,2,106.113,1.825,4,0.179414078,10.432,1,0,0,0
66,8.957,67.483,11.17,3,110.115,5.473,4,0.489973142,9.858,0,1,0,1
63,6.902,72.802,12.447,0,110.495,4.928,4,0.395918695,8.877,1,1,1,0
291,11.177,90.736,10.521,4,112.31,1.869,4,0.177644711,10.675,0,0,0,1
172,2.76,67.572,12.161,3,113.477,3.272,4,0.269056821,9.331,0,0,1,0
829,6.294,58.319,11.979,3,114.561,4.836,4,0.403706486,9.563,1,0,1,1
646,8.183,81.743,11.287,3,116.495,2.636,4,0.233543014,10.321,0,0,1,1
228,11.592,82.158,10.848,3,118.968,3.127,4,0.2882559,10.967,1,1,1,0
311,6.497,70.258,8.89,5,123.868,3.822,4,0.42992126,13.933,1,1,0,0
972,12.22,77.818,14.866,3,124.257,2.279,4,0.153302839,8.358,0,1,0,0
985,5.388,65.295,9.089,5,124.617,3.622,4,0.398503686,13.711,1,1,1,1
492,0.713,77.55,12.957,0,125.129,4.042,4,0.311954928,9.657,1,1,1,1
419,1.15,73.95,15.487,3,125.578,2.111,4,0.136307871,8.109,0,1,0,0
750,4.918,77.499,13.615,3,130.695,3.531,4,0.259346309,9.599,0,1,0,0
541,8.041,68.735,12.607,4,131.49,6.105,4,0.484254779,10.430,1,1,1,0
434,13.832,85.961,11.295,4,140.702,3.091,4,0.273660912,12.457,1,1,1,1
571,4.738,83.457,12.809,3,143.218,3.286,4,0.256538371,11.181,0,1,0,0
738,10.045,64.902,12.834,2,143.939,4.183,4,0.32593112,11.215,0,0,1,0
680,9.861,87.445,14.104,4,148.845,6.58,4,0.466534317,10.553,0,0,0,1
9,4.321,79.671,6.818,0,11.65,1.255,5,0.184071575,1.709,0,1,0,1
11,2.125,79.798,7.277,0,26.292,3.897,5,0.53552288,3.613,1,1,1,0
618,3.75,61.025,7.888,0,27.792,1.802,5,0.228448276,3.523,0,0,1,0
462,11.299,59.711,4.549,3,27.888,7.008,5,1.540558364,6.131,1,1,1,0
302,8.948,74.832,3.231,5,28.74,3.569,5,1.104611575,8.895,0,0,1,0
740,6.565,76.479,5.49,4,30.391,0.234,5,0.042622951,5.536,0,1,1,1
251,2.924,65.876,9.194,0,30.514,1.964,5,0.213617577,3.319,0,0,1,0
7,3.62,80.43,9.473,0,32.752,3.533,5,0.372954713,3.457,1,1,1,0
30,1.833,76.075,8.355,0,34.281,2.268,5,0.271454219,4.103,0,0,1,0
955,12.22,70.54,5.017,3,35.066,4.605,5,0.917879211,6.989,0,1,1,1
407,4.46,57.234,9.037,0,35.184,4.901,5,0.542325993,3.893,1,1,1,1
471,3.362,73.735,7.271,2,35.294,2.544,5,0.349883097,4.854,0,0,0,1
832,4.575,69.758,8.998,1,35.795,1.746,5,0.194043121,3.978,1,0,1,0
956,5.695,71.963,9.805,2,36.009,0.756,5,0.077103519,3.673,1,1,1,1
624,5.648,81.948,8.877,1,36.733,1.988,5,0.223949532,4.138,1,1,1,1
959,5.792,88.833,15.967,0,36.875,1.192,5,0.074653974,2.309,0,0,1,0
34,4.724,80.633,11.261,2,37.456,0.071,5,0.006304946,3.326,0,1,0,0
446,10.813,61.306,4.299,4,37.665,6.084,5,1.41521284,8.761,1,0,0,0
925,3.854,70.575,14.158,1,39.093,8.358,5,0.590337618,2.761,1,1,1,1
130,5.64,64.685,5.358,4,39.16,4.863,5,0.907614782,7.309,0,0,1,0
43,6.4,89.034,11.265,0,39.543,5.921,5,0.525610297,3.510,1,1,0,1
430,5.548,73.95,8.752,0,40.052,3.603,5,0.411677331,4.576,0,1,0,0
781,3.148,85.464,10.939,1,41.022,1.263,5,0.115458451,3.750,1,1,1,0
516,1.819,59.082,9.412,2,41.463,6.584,5,0.699532512,4.405,1,1,0,0
90,6.75,74.193,12.912,1,41.935,7.336,5,0.568153656,3.248,1,0,1,0
339,8.344,70.526,7.986,2,42.269,4.745,5,0.594164788,5.293,1,1,0,1
894,12.22,50.236,11.924,0,42.604,6.359,5,0.533294197,3.573,0,1,1,0
677,4.194,75.211,11.573,1,44.511,2.054,5,0.17748207,3.846,0,1,0,1
305,6.396,74.262,9.565,1,44.64,2.641,5,0.276110821,4.667,0,1,1,1
709,8.34,73.689,6.586,4,44.698,6.983,5,1.060279381,6.787,0,0,0,1
371,5.404,81.652,10.223,1,45.064,4.825,5,0.471974958,4.408,1,1,1,1
663,4.935,66.508,6.959,5,46.902,1.16,5,0.166690616,6.740,1,0,1,1
174,9.564,67.879,7.52,5,47.321,8.433,5,1.121409574,6.293,0,1,1,1
676,8.682,74.681,6.98,4,47.558,1.28,5,0.183381089,6.813,1,0,0,0
384,4.599,68.834,7.091,5,48.509,6.633,5,0.935411084,6.841,1,0,0,0
514,5.056,65.479,10.949,0,50.405,4.053,5,0.370170792,4.604,0,1,0,1
349,10.824,58.814,5.262,4,50.617,3.389,5,0.644051691,9.619,0,0,0,1
685,7.133,92.965,7.069,4,54.473,5.503,5,0.778469373,7.706,0,0,0,1
659,8.731,78.227,8.521,3,54.829,1.606,5,0.188475531,6.435,0,0,0,1
745,8.855,66.946,7.332,2,58.585,4.884,5,0.666121113,7.990,1,0,1,0
600,8.532,75.624,9.439,3,59.837,5.048,5,0.534802416,6.339,0,1,0,1
396,5.697,75.336,7.988,5,62.337,6.519,5,0.816099149,7.804,1,0,0,0
645,4.014,73.95,9.275,4,62.577,6.067,5,0.654123989,6.747,1,1,1,1
879,10.281,73.059,6.541,4,63.416,4.557,5,0.696682464,9.695,0,0,0,1
498,8.356,66.114,9.218,2,63.537,4.412,5,0.47862877,6.893,1,1,1,1
892,10.26,66.09,8.717,2,64.509,2.279,5,0.261443157,7.400,0,1,0,1
197,5.159,68.41,9.938,3,64.586,5.421,5,0.545481988,6.499,0,0,1,0
21,4.554,76.234,11.369,2,65.677,5.019,5,0.441463629,5.777,0,1,0,0
145,6.208,64.927,11.962,3,65.725,0.98,5,0.081926099,5.494,0,1,0,0
555,6.833,75.587,12.893,2,67.094,5.742,5,0.445357946,5.204,1,0,1,0
837,4.842,77.512,13.018,3,70.625,2.423,5,0.186126901,5.425,1,0,1,0
161,6.399,63.76,15.089,0,73.614,3.36,5,0.222678773,4.879,0,1,1,0
183,3.349,80.288,11.645,3,74.955,3.569,5,0.306483469,6.437,0,1,1,1
992,4.747,78.661,11.705,2,75.17,3.337,5,0.285091841,6.422,1,1,1,1
799,10.52,63.619,9.679,4,77.236,3.156,5,0.326066742,7.980,1,1,1,1
23,11.606,92.302,13.445,3,85.12,6.657,5,0.4951283,6.331,1,1,1,1
530,12.572,79.106,11.819,5,89.488,1.337,5,0.113122938,7.572,1,0,0,0
720,5.182,56.204,0.884,4,7.212,4.079,6,4.614253394,8.158,0,0,1,1
81,12.22,87.825,9.867,0,13.183,0.494,6,0.050065876,1.336,1,1,1,0
755,4.307,73.367,5.294,0,14.359,1.336,6,0.252361164,2.712,1,1,1,1
982,0.874,70.592,7.457,0,16.276,6.273,6,0.841223012,2.183,1,1,1,1
554,7.895,76.59,4.085,3,18.291,0.564,6,0.138066095,4.478,1,1,1,0
622,8.542,63.907,3.108,2,18.398,6.006,6,1.932432432,5.920,0,0,0,1
116,7.429,69.749,10.497,0,19.15,1.728,6,0.164618462,1.824,0,1,1,0
398,4.024,73.95,12.166,0,19.758,5.967,6,0.490465231,1.624,0,1,0,1
520,5.737,77.583,2.707,5,20.128,2.014,6,0.743997045,7.436,1,1,1,1
300,6.908,80.915,4.715,1,20.482,5.639,6,1.195970308,4.344,0,1,1,1
759,4.921,93.947,9.006,1,21.547,0.34,6,0.037752609,2.393,1,1,1,1
803,13.337,71.816,3.115,3,22.435,3.119,6,1.001284109,7.202,0,0,1,0
68,4.263,83.991,5.781,1,22.527,2.027,6,0.350631379,3.897,1,1,0,1
100,7.817,85.297,10.331,0,23.495,7.551,6,0.730906979,2.274,1,1,1,1
346,6.373,67.61,5.75,3,23.693,0.616,6,0.107130435,4.121,0,1,0,0
851,9.788,63.741,3.018,2,23.874,5.344,6,1.770709079,7.911,1,0,0,0
779,5.927,81.482,7.432,0,24.274,0.781,6,0.105086114,3.266,0,0,0,1
915,12.22,69.36,5.629,2,24.375,0.782,6,0.138923432,4.330,1,1,0,1
587,5.73,68.306,10.161,0,25.241,0.965,6,0.094970967,2.484,1,0,0,0
691,4.014,78.605,7.627,1,26.96,1.049,6,0.137537695,3.535,1,1,1,0
553,7.596,68.127,10.846,0,27.002,1.02,6,0.094043887,2.490,0,1,1,0
539,6.819,75.707,10.527,0,29.191,5.855,6,0.556188848,2.773,0,1,0,0
843,9.044,70.653,5.782,2,29.646,0.257,6,0.044448288,5.127,0,1,0,1
0,0.072,80.179,9.414,0,29.878,2.231,6,0.236987465,3.174,0,1,1,0
83,3.135,55.494,9.635,1,29.895,1.004,6,0.104203425,3.103,1,1,1,0
80,2.525,69.814,9.498,0,29.959,0.314,6,0.033059591,3.154,0,1,0,1
762,5.629,65.039,7.221,0,30.133,4.367,6,0.604763883,4.173,1,0,0,0
255,6.389,78.913,6.911,0,30.194,2.819,6,0.407900449,4.369,1,1,1,0
752,6.228,75.696,5.065,2,31.021,4.895,6,0.966436328,6.125,0,1,0,0
472,1.598,55.655,8.9,2,31.143,0.775,6,0.087078652,3.499,0,1,1,0
448,5.314,86.261,6.561,1,31.992,3.45,6,0.525834476,4.876,0,1,1,0
548,3.402,69.202,10.832,0,32.116,6.005,6,0.554375923,2.965,0,1,1,0
332,9.716,68.383,3.98,1,32.355,4.343,6,1.09120603,8.129,0,0,0,1
639,10.066,64.12,4.252,2,33.606,3.144,6,0.739416745,7.904,1,0,0,0
27,12.22,73.95,11.008,0,33.722,0.661,6,0.060047238,3.063,0,1,0,0
540,6.372,72.873,9.036,0,33.832,5.085,6,0.562749004,3.744,0,0,1,0
61,6.509,87.019,8.775,1,34.607,6.48,6,0.738461538,3.944,1,0,0,0
497,1.219,88.294,6.957,3,34.811,1.555,6,0.223515883,5.004,1,1,0,0
439,6.657,68.719,6.339,3,34.834,0.881,6,0.138980912,5.495,1,1,1,1
129,4.835,75.773,10.219,0,34.847,1.66,6,0.162442509,3.410,1,1,1,1
970,9.721,71.279,8.951,1,34.892,1.009,6,0.112724835,3.898,0,0,1,0
503,3.89,68.096,8.054,1,35.143,6.245,6,0.77539111,4.363,1,0,1,0
481,4.043,75.81,12.354,0,35.524,2.198,6,0.177918083,2.876,0,0,1,1
240,4.539,77.343,10.655,0,35.683,4.459,6,0.418488972,3.349,1,0,1,1
550,1.963,72.115,9.564,2,35.764,6.931,6,0.72469678,3.739,0,0,0,1
119,6.039,83.635,8.6,2,35.889,1.169,6,0.135930233,4.173,0,1,0,0
218,2.47,85.029,9.148,1,36.176,2.274,6,0.248578924,3.955,1,1,0,1
636,8.919,78.254,7.259,1,36.475,3.535,6,0.486981678,5.025,0,1,0,0
551,5.54,69.833,6.045,4,36.684,0.056,6,0.009263854,6.068,1,0,1,0
395,9.783,58.898,7.452,1,36.829,6.134,6,0.823134729,4.942,1,0,1,1
582,9.555,66.702,6.236,2,37.121,6.15,6,0.986209108,5.953,1,1,1,0
953,6.549,89.688,12.268,0,37.299,5.372,6,0.437887186,3.040,0,0,0,1
838,9.365,75.097,9.633,0,37.306,3.267,6,0.339146683,3.873,1,1,1,1
125,2.291,68.649,13.835,0,37.918,5.443,6,0.393422479,2.741,1,1,0,1
252,4.151,84.557,6.275,2,38.016,3.82,6,0.60876494,6.058,0,1,1,0
524,5.415,80.406,8.66,2,39.515,0.565,6,0.065242494,4.563,1,1,1,1
470,4.857,81.519,8.655,0,39.599,3.35,6,0.387059503,4.575,1,1,1,0
549,7.839,78.049,10.985,1,39.72,1.097,6,0.09986345,3.616,1,1,0,0
306,6.469,77.162,10.21,0,40.285,3.112,6,0.304799216,3.946,0,1,1,0
673,9.82,91.879,8.123,1,40.446,6.621,6,0.815092946,4.979,1,0,0,0
496,3.986,73.95,11.082,3,40.712,8.006,6,0.722432774,3.674,0,0,1,0
120,6.461,67.518,12.556,0,41.433,2.849,6,0.226903472,3.300,0,1,0,0
577,12.139,66.041,5.717,1,41.574,3.457,6,0.604687773,7.272,1,0,1,0
667,3.374,52.066,7.99,1,41.821,4.174,6,0.522403004,5.234,0,0,1,0
994,8.609,77.59,12.736,0,41.834,2.235,6,0.175486809,3.285,0,1,0,1
318,2.804,69.645,10.658,0,41.876,2.195,6,0.205948583,3.929,1,1,1,0
180,7.436,64.462,14.857,0,42.296,6.732,6,0.453119742,2.847,0,1,1,0
427,10.361,62.63,5.656,3,42.423,0.903,6,0.159653465,7.501,1,0,0,0
820,6.363,70.847,6.607,4,42.664,0.954,6,0.144392311,6.457,0,0,1,0
935,7.014,70.758,9.716,0,42.683,3.694,6,0.380197612,4.393,0,1,1,0
610,5.299,82.207,8.923,2,43.412,1.862,6,0.208674213,4.865,0,1,1,1
723,3.895,63.483,7.696,4,43.779,7.281,6,0.946075884,5.689,0,1,1,1
87,7.204,66.625,5.537,4,43.873,5.456,6,0.98537114,7.924,0,0,0,1
616,12.282,78.947,7.583,1,44.242,2.964,6,0.390874324,5.834,0,1,1,1
899,5.929,67.5,6.084,5,44.399,1.92,6,0.315581854,7.298,1,0,1,0
689,12.22,74.854,5.133,5,45.451,3.335,6,0.649717514,8.855,1,0,1,1
989,7.85,90.778,8.592,3,45.643,0.187,6,0.021764432,5.312,1,1,1,1
72,8.123,73.801,7.683,3,45.661,1.203,6,0.156579461,5.943,0,1,0,0
279,6.09,58.082,12.101,0,47.326,5.76,6,0.47599372,3.911,0,1,0,1
170,2.304,59.457,8.818,0,47.411,4.139,6,0.469380812,5.377,0,0,0,1
889,9.502,80.697,7.566,3,47.525,1.191,6,0.15741475,6.281,1,1,1,1
409,3.605,62.191,10.178,1,47.608,3.066,6,0.301237964,4.678,0,1,0,1
591,9.644,84.473,5.743,4,47.633,3.293,6,0.573393697,8.294,0,1,0,0
196,11.197,76.001,6.575,4,47.65,1.976,6,0.300532319,7.247,1,1,1,1
687,7.821,73.95,8.202,2,47.694,6.384,6,0.778346745,5.815,1,0,0,1
79,7.485,73.492,8.908,2,47.85,2.919,6,0.327682982,5.372,0,1,1,1
214,6.871,72.698,12.304,1,48.278,2.242,6,0.182217165,3.924,0,1,1,0
748,3.739,66.871,6.984,4,48.397,1.487,6,0.212915235,6.930,0,1,0,1
274,9.711,61.198,6.249,3,48.438,1.619,6,0.259081453,7.751,1,0,0,0
200,1.564,85.594,10.893,0,48.827,4.899,6,0.449738364,4.482,1,1,1,1
701,5.571,93.209,6.23,4,48.861,2.406,6,0.386195827,7.843,0,0,0,1
326,4.71,62.553,12.489,0,49.103,2.928,6,0.234446313,3.932,1,1,1,1
123,7.261,76.547,12.192,2,49.389,0.775,6,0.063566273,4.051,0,1,1,0
802,4.969,68.191,7.066,4,49.467,2.259,6,0.319699972,7.001,1,1,1,1
861,7.893,69.592,7.364,5,49.527,0.333,6,0.045219989,6.726,0,1,1,0
4,2.617,87.658,9.706,1,49.768,2.91,6,0.299814548,5.128,0,0,1,0
244,3.683,73.731,7.175,4,50.185,2.385,6,0.332404181,6.994,0,1,0,0
546,4.512,55.095,9.394,0,50.416,3.612,6,0.384500745,5.367,0,0,1,0
222,8.093,83.305,8.624,1,50.54,2.283,6,0.264726345,5.860,1,1,1,0
15,11.022,81.74,8.06,3,50.919,1.295,6,0.160669975,6.317,1,0,0,0
192,10.135,55.212,7.167,3,51.148,5.139,6,0.717036417,7.137,1,0,0,1
637,8.786,72.598,6.939,4,51.203,2.333,6,0.336215593,7.379,1,1,0,1
14,7.037,49.475,7.992,5,51.562,0.66,6,0.082582583,6.452,1,1,1,1
567,10.692,66.474,7.459,2,51.772,1.872,6,0.25097198,6.941,0,0,1,0
875,3.182,86.487,9.488,1,51.806,3.669,6,0.386698988,5.460,1,1,1,1
507,5.171,70.401,15.508,0,51.948,1.706,6,0.110007738,3.350,0,1,0,1
328,8.195,47.922,8.092,4,51.967,6.179,6,0.763593673,6.422,1,1,1,1
926,5.415,69.707,11.838,3,52.47,0.904,6,0.076364251,4.432,0,1,0,0
868,3.544,56.754,14.661,1,52.728,6.359,6,0.433735762,3.596,0,0,1,0
670,6.64,89.257,10.971,2,52.865,6.253,6,0.56995716,4.819,1,0,0,1
679,7.619,81.555,8.218,3,52.971,6.144,6,0.74762716,6.446,0,0,1,1
402,3.989,73.95,11.787,0,53.008,2.922,6,0.247900229,4.497,1,0,1,1
74,3.883,73.481,6.384,5,53.113,3.58,6,0.560776942,8.320,0,1,1,1
1,5.413,58.359,9.681,2,53.416,1.81,6,0.186964157,5.518,0,1,1,0
394,12.22,81.337,10.674,1,53.778,3.746,6,0.350946224,5.038,1,0,1,0
556,7.81,85.841,11.606,0,54.161,3.691,6,0.318025159,4.667,0,1,0,0
547,10.089,59.263,8.542,3,54.497,6.387,6,0.747717162,6.380,0,0,1,0
734,8.156,70.899,9.563,1,55.093,3.638,6,0.380424553,5.761,1,0,1,1
929,5.703,75.593,11.754,1,55.356,2.416,6,0.205547048,4.710,0,0,1,0
225,13.101,92.968,6.821,4,55.365,4.963,6,0.727605923,8.117,1,0,0,1
323,9.851,64.053,9.411,2,55.511,0.252,6,0.026777176,5.899,1,0,0,0
391,1.747,60.581,12.417,0,55.899,3.113,6,0.250704679,4.502,0,1,1,0
41,4.63,81.321,8.887,2,56.546,4.783,6,0.538201868,6.363,1,1,1,1
98,3.811,71.13,8.108,3,56.575,3.83,6,0.472372965,6.978,1,0,1,1
700,11.2,74.569,7.755,2,56.898,3.734,6,0.481495809,7.337,0,0,0,1
647,4.964,66.685,11.985,1,57.708,3.03,6,0.25281602,4.815,1,1,1,1
390,9.226,81.843,7.198,4,57.729,4.119,6,0.57224229,8.020,0,1,1,0
284,4.704,62.911,13.551,1,58.51,5.804,6,0.428307874,4.318,0,1,0,0
269,4.67,85.214,10.82,2,59.254,2.849,6,0.263308688,5.476,0,1,0,1
576,8.513,78.914,9.344,3,59.308,3.414,6,0.365368151,6.347,0,1,1,0
110,4.778,76.886,11.852,3,60.004,1.716,6,0.14478569,5.063,1,1,1,1
408,8.499,70.584,10.61,1,60.29,3.12,6,0.294062205,5.682,1,0,0,0
54,7.075,89.104,10.577,2,60.381,1.619,6,0.153067978,5.709,1,0,1,1
296,5.532,65.965,14.026,0,60.395,3.863,6,0.275417083,4.306,0,0,1,1
473,4.395,73.95,12.64,0,61.114,4.26,6,0.337025316,4.835,0,1,1,1
739,11.185,58.887,8.487,5,61.403,6.961,6,0.820195593,7.235,0,1,0,1
833,10.821,67.255,7.737,1,61.919,3.266,6,0.42212744,8.003,1,0,0,0
389,2.41,74.724,12.575,1,62.334,2.91,6,0.231411531,4.957,0,1,0,0
661,10.018,79.203,10.281,4,62.423,0.353,6,0.034335181,6.072,1,1,0,0
971,8.222,88.666,9.351,3,62.678,1.693,6,0.181050155,6.703,1,0,1,1
485,10.91,62.531,10.959,1,63.027,5.123,6,0.46746966,5.751,0,0,1,1
201,7.453,88.125,13.323,1,63.587,5.385,6,0.404188246,4.773,1,1,0,1
253,9.541,82.536,7.581,4,63.722,4.003,6,0.528030603,8.405,0,1,0,0
823,7.419,77.465,10.269,4,63.981,0.568,6,0.055312104,6.230,0,0,1,0
340,9.618,81.09,9.388,2,64.56,4,6,0.426075841,6.877,0,1,0,0
111,7.265,73.711,8.505,5,64.702,6.365,6,0.748383304,7.608,1,1,1,0
666,7.854,75.75,10.372,3,64.733,2.231,6,0.215098342,6.241,0,1,1,1
776,5.053,76.131,11.285,2,65.078,4.306,6,0.381568454,5.767,0,1,0,1
895,4.328,64.76,13.572,1,65.086,5.439,6,0.400751547,4.796,1,0,1,0
949,11.323,61.639,9.978,3,65.218,6.3,6,0.631389056,6.536,1,0,0,1
451,8.572,62.602,8.284,3,67.072,2.697,6,0.325567359,8.097,0,0,0,1
410,4.915,59.219,11.242,3,67.507,5.182,6,0.460950009,6.005,0,1,1,0
858,9.683,86.771,8.693,3,68.296,3.887,6,0.447141378,7.856,0,0,1,1
78,11.177,66.415,9.849,4,68.348,1.053,6,0.106914408,6.940,1,0,1,0
84,5.385,84.677,8.683,4,68.505,3.262,6,0.375676609,7.890,1,1,1,0
330,9.765,64.058,8.884,3,68.832,4.704,6,0.52949122,7.748,0,1,1,1
32,6.534,85.997,8.271,5,69.548,4.994,6,0.603796397,8.409,1,0,1,1
608,10.081,74.374,9.029,4,69.625,2.763,6,0.306013955,7.711,1,1,0,0
681,4.209,80.408,13.914,2,70.167,5.696,6,0.409371856,5.043,0,1,0,0
258,6.666,73.315,9.194,4,70.3,5.495,6,0.597672395,7.646,1,0,1,1
416,3.847,73.95,9.431,5,70.537,5.68,6,0.602269113,7.479,0,0,1,1
91,4.041,59.622,15.457,1,71.315,2.506,6,0.162127192,4.614,1,1,1,0
794,3.884,74.296,16.32,0,71.383,5.906,6,0.361887255,4.374,1,1,1,1
869,9.058,63.06,8.262,3,71.589,3.052,6,0.369402082,8.665,0,0,0,1
374,4.458,75.542,12.296,1,71.994,4.071,6,0.331083279,5.855,1,0,0,0
194,12.22,65.203,8.992,1,72.087,4.234,6,0.470862989,8.017,1,0,0,0
126,7.718,85.706,10.41,2,72.733,3.403,6,0.326897214,6.987,1,1,1,0
59,9.532,67.47,12.046,3,74.108,1.217,6,0.101029387,6.152,0,1,1,1
742,6.055,80.986,10.94,3,74.108,5.402,6,0.493784278,6.774,0,0,0,1
376,6.194,61.334,10.106,5,74.672,1.789,6,0.17702355,7.389,0,1,1,1
854,5.341,66.236,10.014,5,74.834,5.822,6,0.58138606,7.473,0,1,1,1
697,10.975,64.604,11.153,3,75.379,1.965,6,0.17618578,6.759,1,1,0,1
135,1.741,84.067,15.39,2,75.536,2.79,6,0.18128655,4.908,1,0,1,1
807,7.352,72.373,12.173,3,76.708,6.412,6,0.526739505,6.301,1,1,1,0
316,6.552,67.571,13.569,2,77.14,1.107,6,0.08158302,5.685,0,1,0,1
356,5.369,76.401,18.311,1,77.373,2.91,6,0.158920867,4.225,0,0,1,0
533,5.568,63.548,9.954,3,77.402,4.059,6,0.407775769,7.776,0,1,1,0
787,8.371,75.371,11.728,2,78.37,4.903,6,0.418059345,6.682,1,1,1,1
365,7.474,64.072,10.29,5,79.934,2.869,6,0.278814383,7.768,1,1,1,1
254,10.86,66.16,9.989,4,81.418,3.107,6,0.311042146,8.151,1,1,1,1
864,12.22,73.95,16.409,2,83.831,2.543,6,0.154975928,5.109,0,0,1,0
48,9.241,77.859,12.67,4,85.003,1.222,6,0.096448303,6.709,0,1,1,0
455,2.757,74.451,14.813,3,85.155,2.76,6,0.186322825,5.749,0,1,1,1
668,9.339,74.686,10.233,4,86.466,4.04,6,0.394801134,8.450,0,0,1,1
768,7.06,80.748,12.375,4,86.596,6.626,6,0.535434343,6.998,0,1,0,1
722,8.912,67.004,12.736,3,87.235,2.113,6,0.165907663,6.849,1,1,0,1
57,6.187,89.391,10.434,4,88.671,4.346,6,0.416522906,8.498,1,0,0,0
731,11.2,78.38,10.418,5,90.695,4.925,6,0.472739489,8.706,0,0,0,1
187,12.797,81.108,10.306,5,92.937,3.78,6,0.366776635,9.018,0,0,1,1
60,3.512,77.724,16.169,2,93.522,4.47,6,0.276454945,5.784,0,1,1,0
744,11.511,66.432,12.033,3,93.824,1.898,6,0.157732901,7.797,1,0,0,0
67,12.22,81.414,12.129,3,94.051,3.661,6,0.301838569,7.754,1,1,0,0
535,7.526,67.637,13.208,3,96.448,3.086,6,0.233646275,7.302,1,0,1,0
352,7.627,74.674,11.326,4,97.504,4.271,6,0.377096945,8.609,1,1,1,1
454,9.524,73.999,11.618,5,98.047,2.574,6,0.221552763,8.439,0,1,0,0
614,6.379,94.132,11.571,5,98.673,2.891,6,0.24984876,8.528,0,1,1,0
490,6.98,82.727,11.264,5,101.09,3.5,6,0.310724432,8.975,0,1,1,1
392,12.22,58.218,11.859,4,103.673,4.005,6,0.337718189,8.742,1,1,1,0
773,10.07,67.905,11.567,4,104.343,2.339,6,0.202213193,9.021,1,0,0,0
104,7.679,73.95,13.489,5,106.421,1.974,6,0.146341463,7.889,1,0,0,0
